2026-02-05 19:01:14,790 - faiss.loader - INFO - Loading faiss with AVX2 support.
2026-02-05 19:01:15,486 - faiss.loader - INFO - Successfully loaded faiss with AVX2 support.
2026-02-05 19:02:29,157 - faiss.loader - INFO - Loading faiss with AVX2 support.
2026-02-05 19:02:29,222 - faiss.loader - INFO - Successfully loaded faiss with AVX2 support.
2026-02-05 19:02:40,440 - __main__ - INFO - Registering blueprints...
2026-02-05 19:02:40,443 - __main__ - INFO - Auth blueprint registered
2026-02-05 19:02:40,448 - __main__ - INFO - Deck blueprint registered
2026-02-05 19:02:40,451 - __main__ - INFO - Card blueprint registered
2026-02-05 19:02:40,454 - __main__ - INFO - Tournament blueprint registered
2026-02-05 19:02:40,455 - __main__ - INFO - Misc blueprint registered
2026-02-05 19:02:40,458 - __main__ - INFO - Rules blueprint registered
2026-02-05 19:02:40,459 - __main__ - INFO - All blueprints registered successfully
2026-02-05 19:02:40,502 - werkzeug - INFO - [31m[1mWARNING: This is a development server. Do not use it in a production deployment. Use a production WSGI server instead.[0m
 * Running on all addresses (0.0.0.0)
 * Running on http://127.0.0.1:5000
 * Running on http://10.180.78.113:5000
2026-02-05 19:02:40,502 - werkzeug - INFO - [33mPress CTRL+C to quit[0m
2026-02-24 17:23:01,301 - faiss.loader - INFO - Loading faiss with AVX2 support.
2026-02-24 17:23:01,929 - faiss.loader - INFO - Successfully loaded faiss with AVX2 support.
2026-02-24 17:25:08,231 - faiss.loader - INFO - Loading faiss with AVX2 support.
2026-02-24 17:25:08,318 - faiss.loader - INFO - Successfully loaded faiss with AVX2 support.
2026-02-24 17:41:45,998 - faiss.loader - INFO - Loading faiss with AVX2 support.
2026-02-24 17:41:46,140 - faiss.loader - INFO - Successfully loaded faiss with AVX2 support.
2026-02-24 17:42:59,967 - __main__ - INFO - Registering blueprints...
2026-02-24 17:42:59,975 - __main__ - INFO - Auth blueprint registered
2026-02-24 17:42:59,998 - __main__ - INFO - Deck blueprint registered
2026-02-24 17:43:00,007 - __main__ - INFO - Card blueprint registered
2026-02-24 17:43:00,023 - __main__ - INFO - Tournament blueprint registered
2026-02-24 17:43:00,037 - __main__ - INFO - Misc blueprint registered
2026-02-24 17:43:00,050 - __main__ - INFO - Rules blueprint registered
2026-02-24 17:43:00,056 - __main__ - INFO - All blueprints registered successfully
2026-02-24 17:43:00,209 - werkzeug - INFO - [31m[1mWARNING: This is a development server. Do not use it in a production deployment. Use a production WSGI server instead.[0m
 * Running on all addresses (0.0.0.0)
 * Running on http://127.0.0.1:5000
 * Running on http://10.156.202.113:5000
2026-02-24 17:43:00,212 - werkzeug - INFO - [33mPress CTRL+C to quit[0m
2026-02-24 17:46:12,177 - faiss.loader - INFO - Loading faiss with AVX2 support.
2026-02-24 17:46:12,220 - faiss.loader - INFO - Successfully loaded faiss with AVX2 support.
2026-02-24 17:46:25,224 - __main__ - INFO - Registering blueprints...
2026-02-24 17:46:25,228 - __main__ - INFO - Auth blueprint registered
2026-02-24 17:46:25,241 - __main__ - INFO - Deck blueprint registered
2026-02-24 17:46:25,245 - __main__ - INFO - Card blueprint registered
2026-02-24 17:46:25,254 - __main__ - INFO - Tournament blueprint registered
2026-02-24 17:46:25,257 - __main__ - INFO - Misc blueprint registered
2026-02-24 17:46:25,261 - __main__ - INFO - Rules blueprint registered
2026-02-24 17:46:25,262 - __main__ - INFO - All blueprints registered successfully
2026-02-24 17:46:25,308 - werkzeug - INFO - [31m[1mWARNING: This is a development server. Do not use it in a production deployment. Use a production WSGI server instead.[0m
 * Running on all addresses (0.0.0.0)
 * Running on http://127.0.0.1:5000
 * Running on http://10.156.202.113:5000
2026-02-24 17:46:25,312 - werkzeug - INFO - [33mPress CTRL+C to quit[0m
2026-02-24 17:50:02,484 - __main__ - INFO - === NEW REQUEST ===
2026-02-24 17:50:02,485 - __main__ - INFO - Request URL: http://localhost:5000/api/api/login
2026-02-24 17:50:02,486 - __main__ - INFO - Request Path: /api/api/login
2026-02-24 17:50:02,486 - __main__ - INFO - Request Method: OPTIONS
2026-02-24 17:50:02,487 - __main__ - INFO - Request Headers: {'Host': 'localhost:5000', 'Connection': 'keep-alive', 'Accept': '*/*', 'Access-Control-Request-Method': 'POST', 'Access-Control-Request-Headers': 'content-type', 'Origin': 'http://localhost:3000', 'User-Agent': 'Mozilla/5.0 (Windows NT 10.0; Win64; x64) AppleWebKit/537.36 (KHTML, like Gecko) Chrome/143.0.0.0 Safari/537.36', 'Sec-Fetch-Mode': 'cors', 'Sec-Fetch-Site': 'same-site', 'Sec-Fetch-Dest': 'empty', 'Referer': 'http://localhost:3000/', 'Accept-Encoding': 'gzip, deflate, br, zstd', 'Accept-Language': 'nl-NL,nl;q=0.9,en-US;q=0.8,en;q=0.7'}
2026-02-24 17:50:02,489 - __main__ - INFO - Request Args: {}
2026-02-24 17:50:02,492 - __main__ - INFO - Response Status: 200
2026-02-24 17:50:02,498 - __main__ - INFO - Response Duration: 0.001s
2026-02-24 17:50:02,499 - __main__ - INFO - === REQUEST COMPLETE ===
2026-02-24 17:50:02,503 - werkzeug - INFO - 127.0.0.1 - - [24/Feb/2026 17:50:02] "OPTIONS /api/api/login HTTP/1.1" 200 -
2026-02-24 17:50:02,740 - __main__ - INFO - === NEW REQUEST ===
2026-02-24 17:50:02,741 - __main__ - INFO - Request URL: http://localhost:5000/api/api/login
2026-02-24 17:50:02,742 - __main__ - INFO - Request Path: /api/api/login
2026-02-24 17:50:02,745 - __main__ - INFO - Request Method: POST
2026-02-24 17:50:02,748 - __main__ - INFO - Request Headers: {'Host': 'localhost:5000', 'Connection': 'keep-alive', 'Content-Length': '45', 'Sec-Ch-Ua-Platform': '"Windows"', 'User-Agent': 'Mozilla/5.0 (Windows NT 10.0; Win64; x64) AppleWebKit/537.36 (KHTML, like Gecko) Chrome/143.0.0.0 Safari/537.36', 'Sec-Ch-Ua': '"Brave";v="143", "Chromium";v="143", "Not A(Brand";v="24"', 'Content-Type': 'application/json', 'Sec-Ch-Ua-Mobile': '?0', 'Accept': '*/*', 'Sec-Gpc': '1', 'Accept-Language': 'nl-NL,nl;q=0.7', 'Origin': 'http://localhost:3000', 'Sec-Fetch-Site': 'same-site', 'Sec-Fetch-Mode': 'cors', 'Sec-Fetch-Dest': 'empty', 'Referer': 'http://localhost:3000/', 'Accept-Encoding': 'gzip, deflate, br, zstd'}
2026-02-24 17:50:02,750 - __main__ - INFO - Request Args: {}
2026-02-24 17:50:02,751 - __main__ - INFO - Request JSON: {'username': 'Ethoes', 'password': 'Calsvin123'}
2026-02-24 17:50:02,752 - __main__ - ERROR - 405 Error - Method not allowed: POST /api/api/login
2026-02-24 17:50:02,753 - __main__ - ERROR - Matching routes for /api/api/login: []
2026-02-24 17:50:02,755 - __main__ - INFO - Response Status: 405
2026-02-24 17:50:02,755 - __main__ - INFO - Response Duration: 0.003s
2026-02-24 17:50:02,756 - __main__ - INFO - === REQUEST COMPLETE ===
2026-02-24 17:50:02,757 - werkzeug - INFO - 127.0.0.1 - - [24/Feb/2026 17:50:02] "[31m[1mPOST /api/api/login HTTP/1.1[0m" 405 -
2026-02-24 17:50:15,024 - __main__ - INFO - === NEW REQUEST ===
2026-02-24 17:50:15,027 - __main__ - INFO - Request URL: http://localhost:5000/api/api/login
2026-02-24 17:50:15,027 - __main__ - INFO - Request Path: /api/api/login
2026-02-24 17:50:15,028 - __main__ - INFO - Request Method: OPTIONS
2026-02-24 17:50:15,028 - __main__ - INFO - Request Headers: {'Host': 'localhost:5000', 'Connection': 'keep-alive', 'Accept': '*/*', 'Access-Control-Request-Method': 'POST', 'Access-Control-Request-Headers': 'content-type', 'Origin': 'http://localhost:3000', 'User-Agent': 'Mozilla/5.0 (Windows NT 10.0; Win64; x64) AppleWebKit/537.36 (KHTML, like Gecko) Chrome/143.0.0.0 Safari/537.36', 'Sec-Fetch-Mode': 'cors', 'Sec-Fetch-Site': 'same-site', 'Sec-Fetch-Dest': 'empty', 'Referer': 'http://localhost:3000/', 'Accept-Encoding': 'gzip, deflate, br, zstd', 'Accept-Language': 'nl-NL,nl;q=0.9,en-US;q=0.8,en;q=0.7'}
2026-02-24 17:50:15,029 - __main__ - INFO - Request Args: {}
2026-02-24 17:50:15,030 - __main__ - INFO - Response Status: 200
2026-02-24 17:50:15,033 - __main__ - INFO - Response Duration: 0.000s
2026-02-24 17:50:15,034 - __main__ - INFO - === REQUEST COMPLETE ===
2026-02-24 17:50:15,040 - werkzeug - INFO - 127.0.0.1 - - [24/Feb/2026 17:50:15] "OPTIONS /api/api/login HTTP/1.1" 200 -
2026-02-24 17:50:15,267 - __main__ - INFO - === NEW REQUEST ===
2026-02-24 17:50:15,271 - __main__ - INFO - Request URL: http://localhost:5000/api/api/login
2026-02-24 17:50:15,273 - __main__ - INFO - Request Path: /api/api/login
2026-02-24 17:50:15,273 - __main__ - INFO - Request Method: POST
2026-02-24 17:50:15,274 - __main__ - INFO - Request Headers: {'Host': 'localhost:5000', 'Connection': 'keep-alive', 'Content-Length': '45', 'Sec-Ch-Ua-Platform': '"Windows"', 'User-Agent': 'Mozilla/5.0 (Windows NT 10.0; Win64; x64) AppleWebKit/537.36 (KHTML, like Gecko) Chrome/143.0.0.0 Safari/537.36', 'Sec-Ch-Ua': '"Brave";v="143", "Chromium";v="143", "Not A(Brand";v="24"', 'Content-Type': 'application/json', 'Sec-Ch-Ua-Mobile': '?0', 'Accept': '*/*', 'Sec-Gpc': '1', 'Accept-Language': 'nl-NL,nl;q=0.7', 'Origin': 'http://localhost:3000', 'Sec-Fetch-Site': 'same-site', 'Sec-Fetch-Mode': 'cors', 'Sec-Fetch-Dest': 'empty', 'Referer': 'http://localhost:3000/', 'Accept-Encoding': 'gzip, deflate, br, zstd'}
2026-02-24 17:50:15,275 - __main__ - INFO - Request Args: {}
2026-02-24 17:50:15,275 - __main__ - INFO - Request JSON: {'username': 'Ethoes', 'password': 'Calsvin123'}
2026-02-24 17:50:15,276 - __main__ - ERROR - 405 Error - Method not allowed: POST /api/api/login
2026-02-24 17:50:15,276 - __main__ - ERROR - Matching routes for /api/api/login: []
2026-02-24 17:50:15,277 - __main__ - INFO - Response Status: 405
2026-02-24 17:50:15,277 - __main__ - INFO - Response Duration: 0.001s
2026-02-24 17:50:15,278 - __main__ - INFO - === REQUEST COMPLETE ===
2026-02-24 17:50:15,279 - werkzeug - INFO - 127.0.0.1 - - [24/Feb/2026 17:50:15] "[31m[1mPOST /api/api/login HTTP/1.1[0m" 405 -
2026-02-24 17:50:47,966 - __main__ - INFO - === NEW REQUEST ===
2026-02-24 17:50:47,973 - __main__ - INFO - Request URL: http://localhost:5000/api/api/login
2026-02-24 17:50:47,992 - __main__ - INFO - Request Path: /api/api/login
2026-02-24 17:50:47,993 - __main__ - INFO - Request Method: OPTIONS
2026-02-24 17:50:47,994 - __main__ - INFO - Request Headers: {'Host': 'localhost:5000', 'Connection': 'keep-alive', 'Accept': '*/*', 'Access-Control-Request-Method': 'POST', 'Access-Control-Request-Headers': 'content-type', 'Origin': 'http://localhost:3000', 'User-Agent': 'Mozilla/5.0 (Windows NT 10.0; Win64; x64) AppleWebKit/537.36 (KHTML, like Gecko) Chrome/143.0.0.0 Safari/537.36', 'Sec-Fetch-Mode': 'cors', 'Sec-Fetch-Site': 'same-site', 'Sec-Fetch-Dest': 'empty', 'Referer': 'http://localhost:3000/', 'Accept-Encoding': 'gzip, deflate, br, zstd', 'Accept-Language': 'nl-NL,nl;q=0.9,en-US;q=0.8,en;q=0.7'}
2026-02-24 17:50:48,017 - __main__ - INFO - Request Args: {}
2026-02-24 17:50:48,021 - __main__ - INFO - Response Status: 200
2026-02-24 17:50:48,021 - __main__ - INFO - Response Duration: 0.000s
2026-02-24 17:50:48,022 - __main__ - INFO - === REQUEST COMPLETE ===
2026-02-24 17:50:48,026 - werkzeug - INFO - 127.0.0.1 - - [24/Feb/2026 17:50:48] "OPTIONS /api/api/login HTTP/1.1" 200 -
2026-02-24 17:50:48,346 - __main__ - INFO - === NEW REQUEST ===
2026-02-24 17:50:48,353 - __main__ - INFO - Request URL: http://localhost:5000/api/api/login
2026-02-24 17:50:48,356 - __main__ - INFO - Request Path: /api/api/login
2026-02-24 17:50:48,364 - __main__ - INFO - Request Method: POST
2026-02-24 17:50:48,371 - __main__ - INFO - Request Headers: {'Host': 'localhost:5000', 'Connection': 'keep-alive', 'Content-Length': '45', 'Sec-Ch-Ua-Platform': '"Windows"', 'User-Agent': 'Mozilla/5.0 (Windows NT 10.0; Win64; x64) AppleWebKit/537.36 (KHTML, like Gecko) Chrome/143.0.0.0 Safari/537.36', 'Sec-Ch-Ua': '"Brave";v="143", "Chromium";v="143", "Not A(Brand";v="24"', 'Content-Type': 'application/json', 'Sec-Ch-Ua-Mobile': '?0', 'Accept': '*/*', 'Sec-Gpc': '1', 'Accept-Language': 'nl-NL,nl;q=0.7', 'Origin': 'http://localhost:3000', 'Sec-Fetch-Site': 'same-site', 'Sec-Fetch-Mode': 'cors', 'Sec-Fetch-Dest': 'empty', 'Referer': 'http://localhost:3000/', 'Accept-Encoding': 'gzip, deflate, br, zstd'}
2026-02-24 17:50:48,381 - __main__ - INFO - Request Args: {}
2026-02-24 17:50:48,383 - __main__ - INFO - Request JSON: {'username': 'Ethoes', 'password': 'Calsvin123'}
2026-02-24 17:50:48,384 - __main__ - ERROR - 405 Error - Method not allowed: POST /api/api/login
2026-02-24 17:50:48,385 - __main__ - ERROR - Matching routes for /api/api/login: []
2026-02-24 17:50:48,386 - __main__ - INFO - Response Status: 405
2026-02-24 17:50:48,387 - __main__ - INFO - Response Duration: 0.002s
2026-02-24 17:50:48,387 - __main__ - INFO - === REQUEST COMPLETE ===
2026-02-24 17:50:48,388 - werkzeug - INFO - 127.0.0.1 - - [24/Feb/2026 17:50:48] "[31m[1mPOST /api/api/login HTTP/1.1[0m" 405 -
2026-02-24 17:53:27,069 - __main__ - INFO - === NEW REQUEST ===
2026-02-24 17:53:27,075 - __main__ - INFO - Request URL: http://localhost:5000/api/api/login
2026-02-24 17:53:27,088 - __main__ - INFO - Request Path: /api/api/login
2026-02-24 17:53:27,094 - __main__ - INFO - Request Method: OPTIONS
2026-02-24 17:53:27,104 - __main__ - INFO - Request Headers: {'Host': 'localhost:5000', 'Connection': 'keep-alive', 'Accept': '*/*', 'Access-Control-Request-Method': 'POST', 'Access-Control-Request-Headers': 'content-type', 'Origin': 'http://localhost:3000', 'User-Agent': 'Mozilla/5.0 (Windows NT 10.0; Win64; x64) AppleWebKit/537.36 (KHTML, like Gecko) Chrome/143.0.0.0 Safari/537.36', 'Sec-Fetch-Mode': 'cors', 'Sec-Fetch-Site': 'same-site', 'Sec-Fetch-Dest': 'empty', 'Referer': 'http://localhost:3000/', 'Accept-Encoding': 'gzip, deflate, br, zstd', 'Accept-Language': 'nl-NL,nl;q=0.9,en-US;q=0.8,en;q=0.7'}
2026-02-24 17:53:27,111 - __main__ - INFO - Request Args: {}
2026-02-24 17:53:27,120 - __main__ - INFO - Response Status: 200
2026-02-24 17:53:27,125 - __main__ - INFO - Response Duration: 0.004s
2026-02-24 17:53:27,129 - __main__ - INFO - === REQUEST COMPLETE ===
2026-02-24 17:53:27,139 - werkzeug - INFO - 127.0.0.1 - - [24/Feb/2026 17:53:27] "OPTIONS /api/api/login HTTP/1.1" 200 -
2026-02-24 17:53:27,327 - __main__ - INFO - === NEW REQUEST ===
2026-02-24 17:53:27,335 - __main__ - INFO - Request URL: http://localhost:5000/api/api/login
2026-02-24 17:53:27,340 - __main__ - INFO - Request Path: /api/api/login
2026-02-24 17:53:27,345 - __main__ - INFO - Request Method: POST
2026-02-24 17:53:27,351 - __main__ - INFO - Request Headers: {'Host': 'localhost:5000', 'Connection': 'keep-alive', 'Content-Length': '45', 'Sec-Ch-Ua-Platform': '"Windows"', 'User-Agent': 'Mozilla/5.0 (Windows NT 10.0; Win64; x64) AppleWebKit/537.36 (KHTML, like Gecko) Chrome/143.0.0.0 Safari/537.36', 'Sec-Ch-Ua': '"Brave";v="143", "Chromium";v="143", "Not A(Brand";v="24"', 'Content-Type': 'application/json', 'Sec-Ch-Ua-Mobile': '?0', 'Accept': '*/*', 'Sec-Gpc': '1', 'Accept-Language': 'nl-NL,nl;q=0.7', 'Origin': 'http://localhost:3000', 'Sec-Fetch-Site': 'same-site', 'Sec-Fetch-Mode': 'cors', 'Sec-Fetch-Dest': 'empty', 'Referer': 'http://localhost:3000/', 'Accept-Encoding': 'gzip, deflate, br, zstd'}
2026-02-24 17:53:27,359 - __main__ - INFO - Request Args: {}
2026-02-24 17:53:27,365 - __main__ - INFO - Request JSON: {'username': 'Ethoes', 'password': 'Calsvin123'}
2026-02-24 17:53:27,369 - __main__ - ERROR - 405 Error - Method not allowed: POST /api/api/login
2026-02-24 17:53:27,375 - __main__ - ERROR - Matching routes for /api/api/login: []
2026-02-24 17:53:27,379 - __main__ - INFO - Response Status: 405
2026-02-24 17:53:27,383 - __main__ - INFO - Response Duration: 0.013s
2026-02-24 17:53:27,389 - __main__ - INFO - === REQUEST COMPLETE ===
2026-02-24 17:53:27,394 - werkzeug - INFO - 127.0.0.1 - - [24/Feb/2026 17:53:27] "[31m[1mPOST /api/api/login HTTP/1.1[0m" 405 -
2026-02-24 17:54:20,359 - __main__ - INFO - === NEW REQUEST ===
2026-02-24 17:54:20,361 - __main__ - INFO - Request URL: http://localhost:5000/api/login
2026-02-24 17:54:20,364 - __main__ - INFO - Request Path: /api/login
2026-02-24 17:54:20,365 - __main__ - INFO - Request Method: OPTIONS
2026-02-24 17:54:20,367 - __main__ - INFO - Request Headers: {'Host': 'localhost:5000', 'Connection': 'keep-alive', 'Accept': '*/*', 'Access-Control-Request-Method': 'POST', 'Access-Control-Request-Headers': 'content-type', 'Origin': 'http://localhost:3000', 'User-Agent': 'Mozilla/5.0 (Windows NT 10.0; Win64; x64) AppleWebKit/537.36 (KHTML, like Gecko) Chrome/143.0.0.0 Safari/537.36', 'Sec-Fetch-Mode': 'cors', 'Sec-Fetch-Site': 'same-site', 'Sec-Fetch-Dest': 'empty', 'Referer': 'http://localhost:3000/', 'Accept-Encoding': 'gzip, deflate, br, zstd', 'Accept-Language': 'nl-NL,nl;q=0.9,en-US;q=0.8,en;q=0.7'}
2026-02-24 17:54:20,369 - __main__ - INFO - Request Args: {}
2026-02-24 17:54:20,376 - __main__ - INFO - Response Status: 200
2026-02-24 17:54:20,379 - __main__ - INFO - Response Duration: 0.003s
2026-02-24 17:54:20,382 - __main__ - INFO - === REQUEST COMPLETE ===
2026-02-24 17:54:20,390 - werkzeug - INFO - 127.0.0.1 - - [24/Feb/2026 17:54:20] "OPTIONS /api/login HTTP/1.1" 200 -
2026-02-24 17:54:20,717 - __main__ - INFO - === NEW REQUEST ===
2026-02-24 17:54:20,723 - __main__ - INFO - Request URL: http://localhost:5000/api/login
2026-02-24 17:54:20,733 - __main__ - INFO - Request Path: /api/login
2026-02-24 17:54:20,736 - __main__ - INFO - Request Method: POST
2026-02-24 17:54:20,747 - __main__ - INFO - Request Headers: {'Host': 'localhost:5000', 'Connection': 'keep-alive', 'Content-Length': '45', 'Sec-Ch-Ua-Platform': '"Windows"', 'User-Agent': 'Mozilla/5.0 (Windows NT 10.0; Win64; x64) AppleWebKit/537.36 (KHTML, like Gecko) Chrome/143.0.0.0 Safari/537.36', 'Sec-Ch-Ua': '"Brave";v="143", "Chromium";v="143", "Not A(Brand";v="24"', 'Content-Type': 'application/json', 'Sec-Ch-Ua-Mobile': '?0', 'Accept': '*/*', 'Sec-Gpc': '1', 'Accept-Language': 'nl-NL,nl;q=0.7', 'Origin': 'http://localhost:3000', 'Sec-Fetch-Site': 'same-site', 'Sec-Fetch-Mode': 'cors', 'Sec-Fetch-Dest': 'empty', 'Referer': 'http://localhost:3000/', 'Accept-Encoding': 'gzip, deflate, br, zstd'}
2026-02-24 17:54:20,752 - __main__ - INFO - Request Args: {}
2026-02-24 17:54:20,761 - __main__ - INFO - Request JSON: {'username': 'Ethoes', 'password': 'Calsvin123'}
2026-02-24 17:54:20,834 - __main__ - INFO - Response Status: 200
2026-02-24 17:54:20,838 - __main__ - INFO - Response Duration: 0.066s
2026-02-24 17:54:20,846 - __main__ - INFO - === REQUEST COMPLETE ===
2026-02-24 17:54:20,862 - werkzeug - INFO - 127.0.0.1 - - [24/Feb/2026 17:54:20] "POST /api/login HTTP/1.1" 200 -
2026-02-24 17:54:24,359 - __main__ - INFO - === NEW REQUEST ===
2026-02-24 17:54:24,366 - __main__ - INFO - Request URL: http://localhost:5000/api/all-decks?page=1&per_page=10&search=&sort_field=deck_id&sort_direction=desc
2026-02-24 17:54:24,367 - __main__ - INFO - Request Path: /api/all-decks
2026-02-24 17:54:24,382 - __main__ - INFO - Request Method: OPTIONS
2026-02-24 17:54:24,387 - __main__ - INFO - Request Headers: {'Host': 'localhost:5000', 'Connection': 'keep-alive', 'Accept': '*/*', 'Access-Control-Request-Method': 'GET', 'Access-Control-Request-Headers': 'content-type', 'Origin': 'http://localhost:3000', 'User-Agent': 'Mozilla/5.0 (Windows NT 10.0; Win64; x64) AppleWebKit/537.36 (KHTML, like Gecko) Chrome/143.0.0.0 Safari/537.36', 'Sec-Fetch-Mode': 'cors', 'Sec-Fetch-Site': 'same-site', 'Sec-Fetch-Dest': 'empty', 'Referer': 'http://localhost:3000/', 'Accept-Encoding': 'gzip, deflate, br, zstd', 'Accept-Language': 'nl-NL,nl;q=0.9,en-US;q=0.8,en;q=0.7'}
2026-02-24 17:54:24,392 - __main__ - INFO - Request Args: {'page': '1', 'per_page': '10', 'search': '', 'sort_field': 'deck_id', 'sort_direction': 'desc'}
2026-02-24 17:54:24,399 - __main__ - INFO - Response Status: 200
2026-02-24 17:54:24,402 - __main__ - INFO - Response Duration: 0.001s
2026-02-24 17:54:24,405 - __main__ - INFO - === REQUEST COMPLETE ===
2026-02-24 17:54:24,417 - werkzeug - INFO - 127.0.0.1 - - [24/Feb/2026 17:54:24] "OPTIONS /api/all-decks?page=1&per_page=10&search=&sort_field=deck_id&sort_direction=desc HTTP/1.1" 200 -
2026-02-24 17:54:24,694 - __main__ - INFO - === NEW REQUEST ===
2026-02-24 17:54:24,699 - __main__ - INFO - Request URL: http://localhost:5000/api/all-decks?page=1&per_page=10&search=&sort_field=deck_id&sort_direction=desc
2026-02-24 17:54:24,705 - __main__ - INFO - Request Path: /api/all-decks
2026-02-24 17:54:24,714 - __main__ - INFO - Request Method: OPTIONS
2026-02-24 17:54:24,719 - __main__ - INFO - Request Headers: {'Host': 'localhost:5000', 'Connection': 'keep-alive', 'Accept': '*/*', 'Access-Control-Request-Method': 'GET', 'Access-Control-Request-Headers': 'content-type', 'Origin': 'http://localhost:3000', 'User-Agent': 'Mozilla/5.0 (Windows NT 10.0; Win64; x64) AppleWebKit/537.36 (KHTML, like Gecko) Chrome/143.0.0.0 Safari/537.36', 'Sec-Fetch-Mode': 'cors', 'Sec-Fetch-Site': 'same-site', 'Sec-Fetch-Dest': 'empty', 'Referer': 'http://localhost:3000/', 'Accept-Encoding': 'gzip, deflate, br, zstd', 'Accept-Language': 'nl-NL,nl;q=0.9,en-US;q=0.8,en;q=0.7'}
2026-02-24 17:54:24,721 - __main__ - INFO - Request Args: {'page': '1', 'per_page': '10', 'search': '', 'sort_field': 'deck_id', 'sort_direction': 'desc'}
2026-02-24 17:54:24,733 - __main__ - INFO - Response Status: 200
2026-02-24 17:54:24,735 - __main__ - INFO - Response Duration: 0.001s
2026-02-24 17:54:24,737 - __main__ - INFO - === REQUEST COMPLETE ===
2026-02-24 17:54:24,746 - werkzeug - INFO - 127.0.0.1 - - [24/Feb/2026 17:54:24] "OPTIONS /api/all-decks?page=1&per_page=10&search=&sort_field=deck_id&sort_direction=desc HTTP/1.1" 200 -
2026-02-24 17:54:24,764 - __main__ - INFO - === NEW REQUEST ===
2026-02-24 17:54:24,775 - __main__ - INFO - Request URL: http://localhost:5000/api/all-decks?page=1&per_page=10&search=&sort_field=deck_id&sort_direction=desc
2026-02-24 17:54:24,782 - __main__ - INFO - Request Path: /api/all-decks
2026-02-24 17:54:24,786 - __main__ - INFO - Request Method: GET
2026-02-24 17:54:24,795 - __main__ - INFO - Request Headers: {'Host': 'localhost:5000', 'Connection': 'keep-alive', 'Sec-Ch-Ua-Platform': '"Windows"', 'User-Agent': 'Mozilla/5.0 (Windows NT 10.0; Win64; x64) AppleWebKit/537.36 (KHTML, like Gecko) Chrome/143.0.0.0 Safari/537.36', 'Sec-Ch-Ua': '"Brave";v="143", "Chromium";v="143", "Not A(Brand";v="24"', 'Content-Type': 'application/json', 'Sec-Ch-Ua-Mobile': '?0', 'Accept': '*/*', 'Sec-Gpc': '1', 'Accept-Language': 'nl-NL,nl;q=0.7', 'Origin': 'http://localhost:3000', 'Sec-Fetch-Site': 'same-site', 'Sec-Fetch-Mode': 'cors', 'Sec-Fetch-Dest': 'empty', 'Referer': 'http://localhost:3000/', 'Accept-Encoding': 'gzip, deflate, br, zstd'}
2026-02-24 17:54:24,800 - __main__ - INFO - Request Args: {'page': '1', 'per_page': '10', 'search': '', 'sort_field': 'deck_id', 'sort_direction': 'desc'}
2026-02-24 17:54:24,811 - __main__ - INFO - === REQUEST COMPLETE ===
2026-02-24 17:54:24,816 - werkzeug - INFO - 127.0.0.1 - - [24/Feb/2026 17:54:24] "[31m[1mGET /api/all-decks?page=1&per_page=10&search=&sort_field=deck_id&sort_direction=desc HTTP/1.1[0m" 400 -
2026-02-24 17:54:25,162 - __main__ - INFO - === NEW REQUEST ===
2026-02-24 17:54:25,167 - __main__ - INFO - Request URL: http://localhost:5000/api/all-decks?page=1&per_page=10&search=&sort_field=deck_id&sort_direction=desc
2026-02-24 17:54:25,171 - __main__ - INFO - Request Path: /api/all-decks
2026-02-24 17:54:25,172 - __main__ - INFO - Request Method: GET
2026-02-24 17:54:25,180 - __main__ - INFO - Request Headers: {'Host': 'localhost:5000', 'Connection': 'keep-alive', 'Sec-Ch-Ua-Platform': '"Windows"', 'User-Agent': 'Mozilla/5.0 (Windows NT 10.0; Win64; x64) AppleWebKit/537.36 (KHTML, like Gecko) Chrome/143.0.0.0 Safari/537.36', 'Sec-Ch-Ua': '"Brave";v="143", "Chromium";v="143", "Not A(Brand";v="24"', 'Content-Type': 'application/json', 'Sec-Ch-Ua-Mobile': '?0', 'Accept': '*/*', 'Sec-Gpc': '1', 'Accept-Language': 'nl-NL,nl;q=0.7', 'Origin': 'http://localhost:3000', 'Sec-Fetch-Site': 'same-site', 'Sec-Fetch-Mode': 'cors', 'Sec-Fetch-Dest': 'empty', 'Referer': 'http://localhost:3000/', 'Accept-Encoding': 'gzip, deflate, br, zstd'}
2026-02-24 17:54:25,182 - __main__ - INFO - Request Args: {'page': '1', 'per_page': '10', 'search': '', 'sort_field': 'deck_id', 'sort_direction': 'desc'}
2026-02-24 17:54:25,188 - __main__ - INFO - === REQUEST COMPLETE ===
2026-02-24 17:54:25,196 - werkzeug - INFO - 127.0.0.1 - - [24/Feb/2026 17:54:25] "[31m[1mGET /api/all-decks?page=1&per_page=10&search=&sort_field=deck_id&sort_direction=desc HTTP/1.1[0m" 400 -
2026-02-24 17:54:25,420 - __main__ - INFO - === NEW REQUEST ===
2026-02-24 17:54:25,436 - __main__ - INFO - Request URL: http://localhost:5000/api/all-decks?page=1&per_page=10&search=&sort_field=deck_id&sort_direction=desc
2026-02-24 17:54:25,439 - __main__ - INFO - Request Path: /api/all-decks
2026-02-24 17:54:25,450 - __main__ - INFO - Request Method: GET
2026-02-24 17:54:25,462 - __main__ - INFO - Request Headers: {'Host': 'localhost:5000', 'Connection': 'keep-alive', 'Sec-Ch-Ua-Platform': '"Windows"', 'User-Agent': 'Mozilla/5.0 (Windows NT 10.0; Win64; x64) AppleWebKit/537.36 (KHTML, like Gecko) Chrome/143.0.0.0 Safari/537.36', 'Sec-Ch-Ua': '"Brave";v="143", "Chromium";v="143", "Not A(Brand";v="24"', 'Content-Type': 'application/json', 'Sec-Ch-Ua-Mobile': '?0', 'Accept': '*/*', 'Sec-Gpc': '1', 'Accept-Language': 'nl-NL,nl;q=0.7', 'Origin': 'http://localhost:3000', 'Sec-Fetch-Site': 'same-site', 'Sec-Fetch-Mode': 'cors', 'Sec-Fetch-Dest': 'empty', 'Referer': 'http://localhost:3000/', 'Accept-Encoding': 'gzip, deflate, br, zstd'}
2026-02-24 17:54:25,472 - __main__ - INFO - Request Args: {'page': '1', 'per_page': '10', 'search': '', 'sort_field': 'deck_id', 'sort_direction': 'desc'}
2026-02-24 17:54:25,494 - __main__ - INFO - === REQUEST COMPLETE ===
2026-02-24 17:54:25,504 - werkzeug - INFO - 127.0.0.1 - - [24/Feb/2026 17:54:25] "[31m[1mGET /api/all-decks?page=1&per_page=10&search=&sort_field=deck_id&sort_direction=desc HTTP/1.1[0m" 400 -
2026-02-24 17:54:27,837 - __main__ - INFO - === NEW REQUEST ===
2026-02-24 17:54:27,839 - __main__ - INFO - Request URL: http://localhost:5000/api/all-decks?page=1&per_page=10&search=&sort_field=deck_id&sort_direction=desc
2026-02-24 17:54:27,845 - __main__ - INFO - Request Path: /api/all-decks
2026-02-24 17:54:27,848 - __main__ - INFO - Request Method: GET
2026-02-24 17:54:27,852 - __main__ - INFO - Request Headers: {'Host': 'localhost:5000', 'Connection': 'keep-alive', 'Sec-Ch-Ua-Platform': '"Windows"', 'User-Agent': 'Mozilla/5.0 (Windows NT 10.0; Win64; x64) AppleWebKit/537.36 (KHTML, like Gecko) Chrome/143.0.0.0 Safari/537.36', 'Sec-Ch-Ua': '"Brave";v="143", "Chromium";v="143", "Not A(Brand";v="24"', 'Content-Type': 'application/json', 'Sec-Ch-Ua-Mobile': '?0', 'Accept': '*/*', 'Sec-Gpc': '1', 'Accept-Language': 'nl-NL,nl;q=0.7', 'Origin': 'http://localhost:3000', 'Sec-Fetch-Site': 'same-site', 'Sec-Fetch-Mode': 'cors', 'Sec-Fetch-Dest': 'empty', 'Referer': 'http://localhost:3000/', 'Accept-Encoding': 'gzip, deflate, br, zstd'}
2026-02-24 17:54:27,856 - __main__ - INFO - Request Args: {'page': '1', 'per_page': '10', 'search': '', 'sort_field': 'deck_id', 'sort_direction': 'desc'}
2026-02-24 17:54:27,866 - __main__ - INFO - === REQUEST COMPLETE ===
2026-02-24 17:54:27,869 - werkzeug - INFO - 127.0.0.1 - - [24/Feb/2026 17:54:27] "[31m[1mGET /api/all-decks?page=1&per_page=10&search=&sort_field=deck_id&sort_direction=desc HTTP/1.1[0m" 400 -
2026-02-24 17:54:34,325 - __main__ - INFO - === NEW REQUEST ===
2026-02-24 17:54:34,335 - __main__ - INFO - Request URL: http://localhost:5000/api/all-decks?page=1&per_page=10&search=&sort_field=deck_id&sort_direction=desc
2026-02-24 17:54:34,339 - __main__ - INFO - Request Path: /api/all-decks
2026-02-24 17:54:34,344 - __main__ - INFO - Request Method: OPTIONS
2026-02-24 17:54:34,352 - __main__ - INFO - Request Headers: {'Host': 'localhost:5000', 'Connection': 'keep-alive', 'Accept': '*/*', 'Access-Control-Request-Method': 'GET', 'Access-Control-Request-Headers': 'content-type', 'Origin': 'http://localhost:3000', 'User-Agent': 'Mozilla/5.0 (Windows NT 10.0; Win64; x64) AppleWebKit/537.36 (KHTML, like Gecko) Chrome/143.0.0.0 Safari/537.36', 'Sec-Fetch-Mode': 'cors', 'Sec-Fetch-Site': 'same-site', 'Sec-Fetch-Dest': 'empty', 'Referer': 'http://localhost:3000/', 'Accept-Encoding': 'gzip, deflate, br, zstd', 'Accept-Language': 'nl-NL,nl;q=0.9,en-US;q=0.8,en;q=0.7'}
2026-02-24 17:54:34,355 - __main__ - INFO - Request Args: {'page': '1', 'per_page': '10', 'search': '', 'sort_field': 'deck_id', 'sort_direction': 'desc'}
2026-02-24 17:54:34,360 - __main__ - INFO - Response Status: 200
2026-02-24 17:54:34,365 - __main__ - INFO - Response Duration: 0.000s
2026-02-24 17:54:34,373 - __main__ - INFO - === REQUEST COMPLETE ===
2026-02-24 17:54:34,385 - werkzeug - INFO - 127.0.0.1 - - [24/Feb/2026 17:54:34] "OPTIONS /api/all-decks?page=1&per_page=10&search=&sort_field=deck_id&sort_direction=desc HTTP/1.1" 200 -
2026-02-24 17:54:34,575 - __main__ - INFO - === NEW REQUEST ===
2026-02-24 17:54:34,576 - __main__ - INFO - Request URL: http://localhost:5000/api/all-decks?page=1&per_page=10&search=&sort_field=deck_id&sort_direction=desc
2026-02-24 17:54:34,578 - __main__ - INFO - Request Path: /api/all-decks
2026-02-24 17:54:34,580 - __main__ - INFO - Request Method: GET
2026-02-24 17:54:34,585 - __main__ - INFO - Request Headers: {'Host': 'localhost:5000', 'Connection': 'keep-alive', 'Sec-Ch-Ua-Platform': '"Windows"', 'User-Agent': 'Mozilla/5.0 (Windows NT 10.0; Win64; x64) AppleWebKit/537.36 (KHTML, like Gecko) Chrome/143.0.0.0 Safari/537.36', 'Sec-Ch-Ua': '"Brave";v="143", "Chromium";v="143", "Not A(Brand";v="24"', 'Content-Type': 'application/json', 'Sec-Ch-Ua-Mobile': '?0', 'Accept': '*/*', 'Sec-Gpc': '1', 'Accept-Language': 'nl-NL,nl;q=0.7', 'Origin': 'http://localhost:3000', 'Sec-Fetch-Site': 'same-site', 'Sec-Fetch-Mode': 'cors', 'Sec-Fetch-Dest': 'empty', 'Referer': 'http://localhost:3000/', 'Accept-Encoding': 'gzip, deflate, br, zstd'}
2026-02-24 17:54:34,590 - __main__ - INFO - Request Args: {'page': '1', 'per_page': '10', 'search': '', 'sort_field': 'deck_id', 'sort_direction': 'desc'}
2026-02-24 17:54:34,596 - __main__ - INFO - === REQUEST COMPLETE ===
2026-02-24 17:54:34,603 - werkzeug - INFO - 127.0.0.1 - - [24/Feb/2026 17:54:34] "[31m[1mGET /api/all-decks?page=1&per_page=10&search=&sort_field=deck_id&sort_direction=desc HTTP/1.1[0m" 400 -
2026-02-24 17:54:49,893 - __main__ - INFO - === NEW REQUEST ===
2026-02-24 17:54:49,977 - __main__ - INFO - Request URL: http://localhost:5000/api/decks
2026-02-24 17:54:49,978 - __main__ - INFO - Request Path: /api/decks
2026-02-24 17:54:49,979 - __main__ - INFO - Request Method: OPTIONS
2026-02-24 17:54:49,979 - __main__ - INFO - Request Headers: {'Host': 'localhost:5000', 'Connection': 'keep-alive', 'Accept': '*/*', 'Access-Control-Request-Method': 'POST', 'Access-Control-Request-Headers': 'content-type', 'Origin': 'http://localhost:3000', 'User-Agent': 'Mozilla/5.0 (Windows NT 10.0; Win64; x64) AppleWebKit/537.36 (KHTML, like Gecko) Chrome/143.0.0.0 Safari/537.36', 'Sec-Fetch-Mode': 'cors', 'Sec-Fetch-Site': 'same-site', 'Sec-Fetch-Dest': 'empty', 'Referer': 'http://localhost:3000/', 'Accept-Encoding': 'gzip, deflate, br, zstd', 'Accept-Language': 'nl-NL,nl;q=0.9,en-US;q=0.8,en;q=0.7'}
2026-02-24 17:54:49,999 - __main__ - INFO - Request Args: {}
2026-02-24 17:54:50,070 - __main__ - INFO - Response Status: 200
2026-02-24 17:54:50,088 - __main__ - INFO - Response Duration: 0.000s
2026-02-24 17:54:50,101 - __main__ - INFO - === REQUEST COMPLETE ===
2026-02-24 17:54:50,111 - werkzeug - INFO - 127.0.0.1 - - [24/Feb/2026 17:54:50] "OPTIONS /api/decks HTTP/1.1" 200 -
2026-02-24 17:54:50,220 - __main__ - INFO - === NEW REQUEST ===
2026-02-24 17:54:50,239 - __main__ - INFO - Request URL: http://localhost:5000/api/tournaments
2026-02-24 17:54:50,266 - __main__ - INFO - === NEW REQUEST ===
2026-02-24 17:54:50,267 - __main__ - INFO - Request Path: /api/tournaments
2026-02-24 17:54:50,272 - __main__ - INFO - Request URL: http://localhost:5000/api/decks
2026-02-24 17:54:50,272 - __main__ - INFO - Request Method: OPTIONS
2026-02-24 17:54:50,285 - __main__ - INFO - Request Path: /api/decks
2026-02-24 17:54:50,285 - __main__ - INFO - === NEW REQUEST ===
2026-02-24 17:54:50,300 - __main__ - INFO - Request Headers: {'Host': 'localhost:5000', 'Connection': 'keep-alive', 'Accept': '*/*', 'Access-Control-Request-Method': 'POST', 'Access-Control-Request-Headers': 'content-type', 'Origin': 'http://localhost:3000', 'User-Agent': 'Mozilla/5.0 (Windows NT 10.0; Win64; x64) AppleWebKit/537.36 (KHTML, like Gecko) Chrome/143.0.0.0 Safari/537.36', 'Sec-Fetch-Mode': 'cors', 'Sec-Fetch-Site': 'same-site', 'Sec-Fetch-Dest': 'empty', 'Referer': 'http://localhost:3000/', 'Accept-Encoding': 'gzip, deflate, br, zstd', 'Accept-Language': 'nl-NL,nl;q=0.9,en-US;q=0.8,en;q=0.7'}
2026-02-24 17:54:50,310 - __main__ - INFO - Request Args: {}
2026-02-24 17:54:50,306 - __main__ - INFO - Request URL: http://localhost:5000/api/tournaments
2026-02-24 17:54:50,305 - __main__ - INFO - Request Method: OPTIONS
2026-02-24 17:54:50,318 - __main__ - INFO - Response Status: 200
2026-02-24 17:54:50,322 - __main__ - INFO - Request Path: /api/tournaments
2026-02-24 17:54:50,329 - __main__ - INFO - Request Headers: {'Host': 'localhost:5000', 'Connection': 'keep-alive', 'Accept': '*/*', 'Access-Control-Request-Method': 'POST', 'Access-Control-Request-Headers': 'content-type', 'Origin': 'http://localhost:3000', 'User-Agent': 'Mozilla/5.0 (Windows NT 10.0; Win64; x64) AppleWebKit/537.36 (KHTML, like Gecko) Chrome/143.0.0.0 Safari/537.36', 'Sec-Fetch-Mode': 'cors', 'Sec-Fetch-Site': 'same-site', 'Sec-Fetch-Dest': 'empty', 'Referer': 'http://localhost:3000/', 'Accept-Encoding': 'gzip, deflate, br, zstd', 'Accept-Language': 'nl-NL,nl;q=0.9,en-US;q=0.8,en;q=0.7'}
2026-02-24 17:54:50,333 - __main__ - INFO - Response Duration: 0.000s
2026-02-24 17:54:50,334 - __main__ - INFO - Request Method: OPTIONS
2026-02-24 17:54:50,335 - __main__ - INFO - Request Args: {}
2026-02-24 17:54:50,336 - __main__ - INFO - === REQUEST COMPLETE ===
2026-02-24 17:54:50,336 - __main__ - INFO - Request Headers: {'Host': 'localhost:5000', 'Connection': 'keep-alive', 'Accept': '*/*', 'Access-Control-Request-Method': 'POST', 'Access-Control-Request-Headers': 'content-type', 'Origin': 'http://localhost:3000', 'User-Agent': 'Mozilla/5.0 (Windows NT 10.0; Win64; x64) AppleWebKit/537.36 (KHTML, like Gecko) Chrome/143.0.0.0 Safari/537.36', 'Sec-Fetch-Mode': 'cors', 'Sec-Fetch-Site': 'same-site', 'Sec-Fetch-Dest': 'empty', 'Referer': 'http://localhost:3000/', 'Accept-Encoding': 'gzip, deflate, br, zstd', 'Accept-Language': 'nl-NL,nl;q=0.9,en-US;q=0.8,en;q=0.7'}
2026-02-24 17:54:50,337 - __main__ - INFO - Response Status: 200
2026-02-24 17:54:50,340 - __main__ - INFO - Response Duration: 0.000s
2026-02-24 17:54:50,339 - __main__ - INFO - Request Args: {}
2026-02-24 17:54:50,339 - werkzeug - INFO - 127.0.0.1 - - [24/Feb/2026 17:54:50] "OPTIONS /api/tournaments HTTP/1.1" 200 -
2026-02-24 17:54:50,347 - __main__ - INFO - === REQUEST COMPLETE ===
2026-02-24 17:54:50,349 - __main__ - INFO - Response Status: 200
2026-02-24 17:54:50,354 - werkzeug - INFO - 127.0.0.1 - - [24/Feb/2026 17:54:50] "OPTIONS /api/decks HTTP/1.1" 200 -
2026-02-24 17:54:50,361 - __main__ - INFO - Response Duration: 0.001s
2026-02-24 17:54:50,384 - __main__ - INFO - === REQUEST COMPLETE ===
2026-02-24 17:54:50,417 - werkzeug - INFO - 127.0.0.1 - - [24/Feb/2026 17:54:50] "OPTIONS /api/tournaments HTTP/1.1" 200 -
2026-02-24 17:54:50,477 - __main__ - INFO - === NEW REQUEST ===
2026-02-24 17:54:50,487 - __main__ - INFO - Request URL: http://localhost:5000/api/decks
2026-02-24 17:54:50,510 - __main__ - INFO - Request Path: /api/decks
2026-02-24 17:54:50,519 - __main__ - INFO - Request Method: POST
2026-02-24 17:54:50,531 - __main__ - INFO - Request Headers: {'Host': 'localhost:5000', 'Connection': 'keep-alive', 'Content-Length': '21', 'Sec-Ch-Ua-Platform': '"Windows"', 'User-Agent': 'Mozilla/5.0 (Windows NT 10.0; Win64; x64) AppleWebKit/537.36 (KHTML, like Gecko) Chrome/143.0.0.0 Safari/537.36', 'Sec-Ch-Ua': '"Brave";v="143", "Chromium";v="143", "Not A(Brand";v="24"', 'Content-Type': 'application/json', 'Sec-Ch-Ua-Mobile': '?0', 'Accept': '*/*', 'Sec-Gpc': '1', 'Accept-Language': 'nl-NL,nl;q=0.7', 'Origin': 'http://localhost:3000', 'Sec-Fetch-Site': 'same-site', 'Sec-Fetch-Mode': 'cors', 'Sec-Fetch-Dest': 'empty', 'Referer': 'http://localhost:3000/', 'Accept-Encoding': 'gzip, deflate, br, zstd'}
2026-02-24 17:54:50,538 - __main__ - INFO - Request Args: {}
2026-02-24 17:54:50,547 - __main__ - INFO - Request JSON: {'username': 'Ethoes'}
2026-02-24 17:54:50,555 - __main__ - INFO - Response Status: 200
2026-02-24 17:54:50,556 - __main__ - INFO - Response Duration: 0.004s
2026-02-24 17:54:50,556 - __main__ - INFO - === REQUEST COMPLETE ===
2026-02-24 17:54:50,563 - werkzeug - INFO - 127.0.0.1 - - [24/Feb/2026 17:54:50] "POST /api/decks HTTP/1.1" 200 -
2026-02-24 17:54:50,689 - __main__ - INFO - === NEW REQUEST ===
2026-02-24 17:54:50,703 - __main__ - INFO - Request URL: http://localhost:5000/api/tournaments
2026-02-24 17:54:50,715 - __main__ - INFO - === NEW REQUEST ===
2026-02-24 17:54:50,716 - __main__ - INFO - Request Path: /api/tournaments
2026-02-24 17:54:50,716 - __main__ - INFO - Request URL: http://localhost:5000/api/decks
2026-02-24 17:54:50,719 - __main__ - INFO - Request Method: POST
2026-02-24 17:54:50,722 - __main__ - INFO - Request Path: /api/decks
2026-02-24 17:54:50,731 - __main__ - INFO - Request Headers: {'Host': 'localhost:5000', 'Connection': 'keep-alive', 'Content-Length': '21', 'Sec-Ch-Ua-Platform': '"Windows"', 'User-Agent': 'Mozilla/5.0 (Windows NT 10.0; Win64; x64) AppleWebKit/537.36 (KHTML, like Gecko) Chrome/143.0.0.0 Safari/537.36', 'Sec-Ch-Ua': '"Brave";v="143", "Chromium";v="143", "Not A(Brand";v="24"', 'Content-Type': 'application/json', 'Sec-Ch-Ua-Mobile': '?0', 'Accept': '*/*', 'Sec-Gpc': '1', 'Accept-Language': 'nl-NL,nl;q=0.7', 'Origin': 'http://localhost:3000', 'Sec-Fetch-Site': 'same-site', 'Sec-Fetch-Mode': 'cors', 'Sec-Fetch-Dest': 'empty', 'Referer': 'http://localhost:3000/', 'Accept-Encoding': 'gzip, deflate, br, zstd'}
2026-02-24 17:54:50,734 - __main__ - INFO - Request Method: POST
2026-02-24 17:54:50,735 - __main__ - INFO - Request Args: {}
2026-02-24 17:54:50,735 - __main__ - INFO - Request Headers: {'Host': 'localhost:5000', 'Connection': 'keep-alive', 'Content-Length': '21', 'Sec-Ch-Ua-Platform': '"Windows"', 'User-Agent': 'Mozilla/5.0 (Windows NT 10.0; Win64; x64) AppleWebKit/537.36 (KHTML, like Gecko) Chrome/143.0.0.0 Safari/537.36', 'Sec-Ch-Ua': '"Brave";v="143", "Chromium";v="143", "Not A(Brand";v="24"', 'Content-Type': 'application/json', 'Sec-Ch-Ua-Mobile': '?0', 'Accept': '*/*', 'Sec-Gpc': '1', 'Accept-Language': 'nl-NL,nl;q=0.7', 'Origin': 'http://localhost:3000', 'Sec-Fetch-Site': 'same-site', 'Sec-Fetch-Mode': 'cors', 'Sec-Fetch-Dest': 'empty', 'Referer': 'http://localhost:3000/', 'Accept-Encoding': 'gzip, deflate, br, zstd'}
2026-02-24 17:54:50,736 - __main__ - INFO - Request JSON: {'username': 'Ethoes'}
2026-02-24 17:54:50,737 - __main__ - INFO - Request Args: {}
2026-02-24 17:54:50,737 - __main__ - INFO - Request JSON: {'username': 'Ethoes'}
2026-02-24 17:54:50,747 - __main__ - INFO - Response Status: 200
2026-02-24 17:54:50,749 - __main__ - INFO - Response Status: 200
2026-02-24 17:54:50,752 - __main__ - INFO - Response Duration: 0.010s
2026-02-24 17:54:50,755 - __main__ - INFO - === REQUEST COMPLETE ===
2026-02-24 17:54:50,754 - __main__ - INFO - Response Duration: 0.011s
2026-02-24 17:54:50,756 - werkzeug - INFO - 127.0.0.1 - - [24/Feb/2026 17:54:50] "POST /api/tournaments HTTP/1.1" 200 -
2026-02-24 17:54:50,762 - __main__ - INFO - === REQUEST COMPLETE ===
2026-02-24 17:54:50,766 - werkzeug - INFO - 127.0.0.1 - - [24/Feb/2026 17:54:50] "POST /api/decks HTTP/1.1" 200 -
2026-02-24 17:54:50,852 - __main__ - INFO - === NEW REQUEST ===
2026-02-24 17:54:50,868 - __main__ - INFO - Request URL: http://localhost:5000/api/tournaments
2026-02-24 17:54:50,900 - __main__ - INFO - Request Path: /api/tournaments
2026-02-24 17:54:50,910 - __main__ - INFO - Request Method: POST
2026-02-24 17:54:50,933 - __main__ - INFO - Request Headers: {'Host': 'localhost:5000', 'Connection': 'keep-alive', 'Content-Length': '21', 'Sec-Ch-Ua-Platform': '"Windows"', 'User-Agent': 'Mozilla/5.0 (Windows NT 10.0; Win64; x64) AppleWebKit/537.36 (KHTML, like Gecko) Chrome/143.0.0.0 Safari/537.36', 'Sec-Ch-Ua': '"Brave";v="143", "Chromium";v="143", "Not A(Brand";v="24"', 'Content-Type': 'application/json', 'Sec-Ch-Ua-Mobile': '?0', 'Accept': '*/*', 'Sec-Gpc': '1', 'Accept-Language': 'nl-NL,nl;q=0.7', 'Origin': 'http://localhost:3000', 'Sec-Fetch-Site': 'same-site', 'Sec-Fetch-Mode': 'cors', 'Sec-Fetch-Dest': 'empty', 'Referer': 'http://localhost:3000/', 'Accept-Encoding': 'gzip, deflate, br, zstd'}
2026-02-24 17:54:50,937 - __main__ - INFO - Request Args: {}
2026-02-24 17:54:50,949 - __main__ - INFO - Request JSON: {'username': 'Ethoes'}
2026-02-24 17:54:50,958 - __main__ - INFO - Response Status: 200
2026-02-24 17:54:50,967 - __main__ - INFO - Response Duration: 0.006s
2026-02-24 17:54:50,986 - __main__ - INFO - === REQUEST COMPLETE ===
2026-02-24 17:54:51,081 - werkzeug - INFO - 127.0.0.1 - - [24/Feb/2026 17:54:51] "POST /api/tournaments HTTP/1.1" 200 -
2026-02-24 17:55:02,263 - __main__ - INFO - === NEW REQUEST ===
2026-02-24 17:55:02,264 - __main__ - INFO - Request URL: http://localhost:5000/api/sets?format=
2026-02-24 17:55:02,264 - __main__ - INFO - Request Path: /api/sets
2026-02-24 17:55:02,269 - __main__ - INFO - Request Method: GET
2026-02-24 17:55:02,271 - __main__ - INFO - Request Headers: {'Host': 'localhost:5000', 'Connection': 'keep-alive', 'Sec-Ch-Ua-Platform': '"Windows"', 'User-Agent': 'Mozilla/5.0 (Windows NT 10.0; Win64; x64) AppleWebKit/537.36 (KHTML, like Gecko) Chrome/143.0.0.0 Safari/537.36', 'Sec-Ch-Ua': '"Brave";v="143", "Chromium";v="143", "Not A(Brand";v="24"', 'Sec-Ch-Ua-Mobile': '?0', 'Accept': '*/*', 'Sec-Gpc': '1', 'Accept-Language': 'nl-NL,nl;q=0.7', 'Origin': 'http://localhost:3000', 'Sec-Fetch-Site': 'same-site', 'Sec-Fetch-Mode': 'cors', 'Sec-Fetch-Dest': 'empty', 'Referer': 'http://localhost:3000/', 'Accept-Encoding': 'gzip, deflate, br, zstd'}
2026-02-24 17:55:02,272 - __main__ - INFO - Request Args: {'format': ''}
2026-02-24 17:55:02,273 - __main__ - INFO - Response Status: 400
2026-02-24 17:55:02,273 - __main__ - INFO - Response Duration: 0.000s
2026-02-24 17:55:02,274 - __main__ - INFO - === REQUEST COMPLETE ===
2026-02-24 17:55:02,275 - werkzeug - INFO - 127.0.0.1 - - [24/Feb/2026 17:55:02] "[31m[1mGET /api/sets?format= HTTP/1.1[0m" 400 -
2026-02-24 17:55:02,524 - __main__ - INFO - === NEW REQUEST ===
2026-02-24 17:55:02,527 - __main__ - INFO - Request URL: http://localhost:5000/api/sets?format=
2026-02-24 17:55:02,528 - __main__ - INFO - Request Path: /api/sets
2026-02-24 17:55:02,529 - __main__ - INFO - Request Method: GET
2026-02-24 17:55:02,530 - __main__ - INFO - Request Headers: {'Host': 'localhost:5000', 'Connection': 'keep-alive', 'Sec-Ch-Ua-Platform': '"Windows"', 'User-Agent': 'Mozilla/5.0 (Windows NT 10.0; Win64; x64) AppleWebKit/537.36 (KHTML, like Gecko) Chrome/143.0.0.0 Safari/537.36', 'Sec-Ch-Ua': '"Brave";v="143", "Chromium";v="143", "Not A(Brand";v="24"', 'Sec-Ch-Ua-Mobile': '?0', 'Accept': '*/*', 'Sec-Gpc': '1', 'Accept-Language': 'nl-NL,nl;q=0.7', 'Origin': 'http://localhost:3000', 'Sec-Fetch-Site': 'same-site', 'Sec-Fetch-Mode': 'cors', 'Sec-Fetch-Dest': 'empty', 'Referer': 'http://localhost:3000/', 'Accept-Encoding': 'gzip, deflate, br, zstd'}
2026-02-24 17:55:02,530 - __main__ - INFO - Request Args: {'format': ''}
2026-02-24 17:55:02,531 - __main__ - INFO - Response Status: 400
2026-02-24 17:55:02,538 - __main__ - INFO - Response Duration: 0.000s
2026-02-24 17:55:02,539 - __main__ - INFO - === REQUEST COMPLETE ===
2026-02-24 17:55:02,543 - werkzeug - INFO - 127.0.0.1 - - [24/Feb/2026 17:55:02] "[31m[1mGET /api/sets?format= HTTP/1.1[0m" 400 -
2026-02-24 17:55:03,702 - __main__ - INFO - === NEW REQUEST ===
2026-02-24 17:55:03,704 - __main__ - INFO - Request URL: http://localhost:5000/api/sets?format=
2026-02-24 17:55:03,710 - __main__ - INFO - Request Path: /api/sets
2026-02-24 17:55:03,711 - __main__ - INFO - Request Method: GET
2026-02-24 17:55:03,715 - __main__ - INFO - Request Headers: {'Host': 'localhost:5000', 'Connection': 'keep-alive', 'Sec-Ch-Ua-Platform': '"Windows"', 'User-Agent': 'Mozilla/5.0 (Windows NT 10.0; Win64; x64) AppleWebKit/537.36 (KHTML, like Gecko) Chrome/143.0.0.0 Safari/537.36', 'Sec-Ch-Ua': '"Brave";v="143", "Chromium";v="143", "Not A(Brand";v="24"', 'Sec-Ch-Ua-Mobile': '?0', 'Accept': '*/*', 'Sec-Gpc': '1', 'Accept-Language': 'nl-NL,nl;q=0.7', 'Origin': 'http://localhost:3000', 'Sec-Fetch-Site': 'same-site', 'Sec-Fetch-Mode': 'cors', 'Sec-Fetch-Dest': 'empty', 'Referer': 'http://localhost:3000/', 'Accept-Encoding': 'gzip, deflate, br, zstd'}
2026-02-24 17:55:03,724 - __main__ - INFO - Request Args: {'format': ''}
2026-02-24 17:55:03,725 - __main__ - INFO - Response Status: 400
2026-02-24 17:55:03,726 - __main__ - INFO - Response Duration: 0.000s
2026-02-24 17:55:03,727 - __main__ - INFO - === REQUEST COMPLETE ===
2026-02-24 17:55:03,728 - werkzeug - INFO - 127.0.0.1 - - [24/Feb/2026 17:55:03] "[31m[1mGET /api/sets?format= HTTP/1.1[0m" 400 -
2026-02-24 17:55:04,055 - __main__ - INFO - === NEW REQUEST ===
2026-02-24 17:55:04,058 - __main__ - INFO - Request URL: http://localhost:5000/api/sets?format=
2026-02-24 17:55:04,059 - __main__ - INFO - Request Path: /api/sets
2026-02-24 17:55:04,060 - __main__ - INFO - Request Method: GET
2026-02-24 17:55:04,062 - __main__ - INFO - Request Headers: {'Host': 'localhost:5000', 'Connection': 'keep-alive', 'Sec-Ch-Ua-Platform': '"Windows"', 'User-Agent': 'Mozilla/5.0 (Windows NT 10.0; Win64; x64) AppleWebKit/537.36 (KHTML, like Gecko) Chrome/143.0.0.0 Safari/537.36', 'Sec-Ch-Ua': '"Brave";v="143", "Chromium";v="143", "Not A(Brand";v="24"', 'Sec-Ch-Ua-Mobile': '?0', 'Accept': '*/*', 'Sec-Gpc': '1', 'Accept-Language': 'nl-NL,nl;q=0.7', 'Origin': 'http://localhost:3000', 'Sec-Fetch-Site': 'same-site', 'Sec-Fetch-Mode': 'cors', 'Sec-Fetch-Dest': 'empty', 'Referer': 'http://localhost:3000/', 'Accept-Encoding': 'gzip, deflate, br, zstd'}
2026-02-24 17:55:04,063 - __main__ - INFO - Request Args: {'format': ''}
2026-02-24 17:55:04,065 - __main__ - INFO - Response Status: 400
2026-02-24 17:55:04,066 - __main__ - INFO - Response Duration: 0.000s
2026-02-24 17:55:04,071 - __main__ - INFO - === REQUEST COMPLETE ===
2026-02-24 17:55:04,073 - werkzeug - INFO - 127.0.0.1 - - [24/Feb/2026 17:55:04] "[31m[1mGET /api/sets?format= HTTP/1.1[0m" 400 -
2026-02-24 17:55:23,343 - __main__ - INFO - === NEW REQUEST ===
2026-02-24 17:55:23,349 - __main__ - INFO - Request URL: http://localhost:5000/rules/ask
2026-02-24 17:55:23,352 - __main__ - INFO - Request Path: /rules/ask
2026-02-24 17:55:23,353 - __main__ - INFO - Request Method: OPTIONS
2026-02-24 17:55:23,357 - __main__ - INFO - Request Headers: {'Host': 'localhost:5000', 'Connection': 'keep-alive', 'Accept': '*/*', 'Access-Control-Request-Method': 'POST', 'Access-Control-Request-Headers': 'content-type', 'Origin': 'http://localhost:3000', 'User-Agent': 'Mozilla/5.0 (Windows NT 10.0; Win64; x64) AppleWebKit/537.36 (KHTML, like Gecko) Chrome/143.0.0.0 Safari/537.36', 'Sec-Fetch-Mode': 'cors', 'Sec-Fetch-Site': 'same-site', 'Sec-Fetch-Dest': 'empty', 'Referer': 'http://localhost:3000/', 'Accept-Encoding': 'gzip, deflate, br, zstd', 'Accept-Language': 'nl-NL,nl;q=0.9,en-US;q=0.8,en;q=0.7'}
2026-02-24 17:55:23,358 - __main__ - INFO - Request Args: {}
2026-02-24 17:55:23,360 - __main__ - INFO - Response Status: 200
2026-02-24 17:55:23,366 - __main__ - INFO - Response Duration: 0.001s
2026-02-24 17:55:23,369 - __main__ - INFO - === REQUEST COMPLETE ===
2026-02-24 17:55:23,372 - werkzeug - INFO - 127.0.0.1 - - [24/Feb/2026 17:55:23] "OPTIONS /rules/ask HTTP/1.1" 200 -
2026-02-24 17:55:23,700 - __main__ - INFO - === NEW REQUEST ===
2026-02-24 17:55:23,703 - __main__ - INFO - Request URL: http://localhost:5000/rules/ask
2026-02-24 17:55:23,704 - __main__ - INFO - Request Path: /rules/ask
2026-02-24 17:55:23,704 - __main__ - INFO - Request Method: POST
2026-02-24 17:55:23,705 - __main__ - INFO - Request Headers: {'Host': 'localhost:5000', 'Connection': 'keep-alive', 'Content-Length': '65', 'Sec-Ch-Ua-Platform': '"Windows"', 'User-Agent': 'Mozilla/5.0 (Windows NT 10.0; Win64; x64) AppleWebKit/537.36 (KHTML, like Gecko) Chrome/143.0.0.0 Safari/537.36', 'Sec-Ch-Ua': '"Brave";v="143", "Chromium";v="143", "Not A(Brand";v="24"', 'Content-Type': 'application/json', 'Sec-Ch-Ua-Mobile': '?0', 'Accept': '*/*', 'Sec-Gpc': '1', 'Accept-Language': 'nl-NL,nl;q=0.7', 'Origin': 'http://localhost:3000', 'Sec-Fetch-Site': 'same-site', 'Sec-Fetch-Mode': 'cors', 'Sec-Fetch-Dest': 'empty', 'Referer': 'http://localhost:3000/', 'Accept-Encoding': 'gzip, deflate, br, zstd'}
2026-02-24 17:55:23,706 - __main__ - INFO - Request Args: {}
2026-02-24 17:55:23,707 - __main__ - INFO - Request JSON: {'question': 'during the ride phase, can i stride before i ride?'}
2026-02-24 17:55:23,707 - __main__ - ERROR - 405 Error - Method not allowed: POST /rules/ask
2026-02-24 17:55:23,708 - __main__ - ERROR - Matching routes for /rules/ask: []
2026-02-24 17:55:23,710 - __main__ - INFO - Response Status: 405
2026-02-24 17:55:23,720 - __main__ - INFO - Response Duration: 0.002s
2026-02-24 17:55:23,721 - __main__ - INFO - === REQUEST COMPLETE ===
2026-02-24 17:55:23,721 - werkzeug - INFO - 127.0.0.1 - - [24/Feb/2026 17:55:23] "[31m[1mPOST /rules/ask HTTP/1.1[0m" 405 -
2026-03-16 13:49:31,306 - faiss.loader - INFO - Loading faiss with AVX2 support.
2026-03-16 13:49:32,247 - faiss.loader - INFO - Successfully loaded faiss with AVX2 support.
2026-03-16 13:51:59,512 - faiss.loader - INFO - Loading faiss with AVX2 support.
2026-03-16 13:51:59,593 - faiss.loader - INFO - Successfully loaded faiss with AVX2 support.
2026-03-16 13:53:53,065 - __main__ - INFO - Registering blueprints...
2026-03-16 13:53:53,069 - __main__ - INFO - Auth blueprint registered
2026-03-16 13:53:53,075 - __main__ - INFO - Deck blueprint registered
2026-03-16 13:53:53,085 - __main__ - INFO - Card blueprint registered
2026-03-16 13:53:53,092 - __main__ - INFO - Tournament blueprint registered
2026-03-16 13:53:53,101 - __main__ - INFO - Misc blueprint registered
2026-03-16 13:53:53,105 - __main__ - INFO - Rules blueprint registered
2026-03-16 13:53:53,106 - __main__ - INFO - All blueprints registered successfully
2026-03-16 13:53:53,335 - werkzeug - INFO - [31m[1mWARNING: This is a development server. Do not use it in a production deployment. Use a production WSGI server instead.[0m
 * Running on all addresses (0.0.0.0)
 * Running on http://127.0.0.1:5000
 * Running on http://10.3.13.21:5000
2026-03-16 13:53:53,337 - werkzeug - INFO - [33mPress CTRL+C to quit[0m
2026-03-16 13:54:13,502 - __main__ - INFO - === NEW REQUEST ===
2026-03-16 13:54:13,515 - __main__ - INFO - Request URL: http://localhost:5000/api/all-decks?page=1&per_page=10&search=&sort_field=deck_id&sort_direction=desc
2026-03-16 13:54:13,521 - __main__ - INFO - === NEW REQUEST ===
2026-03-16 13:54:13,522 - __main__ - INFO - Request Path: /api/all-decks
2026-03-16 13:54:13,524 - __main__ - INFO - Request URL: http://localhost:5000/api/all-decks?page=1&per_page=10&search=&sort_field=deck_id&sort_direction=desc
2026-03-16 13:54:13,534 - __main__ - INFO - Request Method: OPTIONS
2026-03-16 13:54:13,534 - __main__ - INFO - Request Path: /api/all-decks
2026-03-16 13:54:13,535 - __main__ - INFO - Request Headers: {'Host': 'localhost:5000', 'Connection': 'keep-alive', 'Accept': '*/*', 'Access-Control-Request-Method': 'GET', 'Access-Control-Request-Headers': 'content-type', 'Origin': 'http://localhost:3000', 'User-Agent': 'Mozilla/5.0 (Windows NT 10.0; Win64; x64) AppleWebKit/537.36 (KHTML, like Gecko) Chrome/145.0.0.0 Safari/537.36', 'Sec-Fetch-Mode': 'cors', 'Sec-Fetch-Site': 'same-site', 'Sec-Fetch-Dest': 'empty', 'Referer': 'http://localhost:3000/', 'Accept-Encoding': 'gzip, deflate, br, zstd', 'Accept-Language': 'nl-NL,nl;q=0.9,en-US;q=0.8,en;q=0.7'}
2026-03-16 13:54:13,536 - __main__ - INFO - Request Method: OPTIONS
2026-03-16 13:54:13,537 - __main__ - INFO - Request Args: {'page': '1', 'per_page': '10', 'search': '', 'sort_field': 'deck_id', 'sort_direction': 'desc'}
2026-03-16 13:54:13,548 - __main__ - INFO - Request Headers: {'Host': 'localhost:5000', 'Connection': 'keep-alive', 'Accept': '*/*', 'Access-Control-Request-Method': 'GET', 'Access-Control-Request-Headers': 'content-type', 'Origin': 'http://localhost:3000', 'User-Agent': 'Mozilla/5.0 (Windows NT 10.0; Win64; x64) AppleWebKit/537.36 (KHTML, like Gecko) Chrome/145.0.0.0 Safari/537.36', 'Sec-Fetch-Mode': 'cors', 'Sec-Fetch-Site': 'same-site', 'Sec-Fetch-Dest': 'empty', 'Referer': 'http://localhost:3000/', 'Accept-Encoding': 'gzip, deflate, br, zstd', 'Accept-Language': 'nl-NL,nl;q=0.9,en-US;q=0.8,en;q=0.7'}
2026-03-16 13:54:13,569 - __main__ - INFO - Response Status: 200
2026-03-16 13:54:13,569 - __main__ - INFO - Request Args: {'page': '1', 'per_page': '10', 'search': '', 'sort_field': 'deck_id', 'sort_direction': 'desc'}
2026-03-16 13:54:13,570 - __main__ - INFO - Response Duration: 0.004s
2026-03-16 13:54:13,574 - __main__ - INFO - Response Status: 200
2026-03-16 13:54:13,574 - __main__ - INFO - === REQUEST COMPLETE ===
2026-03-16 13:54:13,579 - __main__ - INFO - Response Duration: 0.003s
2026-03-16 13:54:13,587 - werkzeug - INFO - 127.0.0.1 - - [16/Mar/2026 13:54:13] "OPTIONS /api/all-decks?page=1&per_page=10&search=&sort_field=deck_id&sort_direction=desc HTTP/1.1" 200 -
2026-03-16 13:54:13,589 - __main__ - INFO - === REQUEST COMPLETE ===
2026-03-16 13:54:13,605 - werkzeug - INFO - 127.0.0.1 - - [16/Mar/2026 13:54:13] "OPTIONS /api/all-decks?page=1&per_page=10&search=&sort_field=deck_id&sort_direction=desc HTTP/1.1" 200 -
2026-03-16 13:54:13,781 - __main__ - INFO - === NEW REQUEST ===
2026-03-16 13:54:13,782 - __main__ - INFO - Request URL: http://localhost:5000/api/all-decks?page=1&per_page=10&search=&sort_field=deck_id&sort_direction=desc
2026-03-16 13:54:13,783 - __main__ - INFO - Request Path: /api/all-decks
2026-03-16 13:54:13,784 - __main__ - INFO - Request Method: GET
2026-03-16 13:54:13,785 - __main__ - INFO - Request Headers: {'Host': 'localhost:5000', 'Connection': 'keep-alive', 'Sec-Ch-Ua-Platform': '"Windows"', 'User-Agent': 'Mozilla/5.0 (Windows NT 10.0; Win64; x64) AppleWebKit/537.36 (KHTML, like Gecko) Chrome/145.0.0.0 Safari/537.36', 'Sec-Ch-Ua': '"Not:A-Brand";v="99", "Brave";v="145", "Chromium";v="145"', 'Content-Type': 'application/json', 'Sec-Ch-Ua-Mobile': '?0', 'Accept': '*/*', 'Sec-Gpc': '1', 'Accept-Language': 'nl-NL,nl;q=0.7', 'Origin': 'http://localhost:3000', 'Sec-Fetch-Site': 'same-site', 'Sec-Fetch-Mode': 'cors', 'Sec-Fetch-Dest': 'empty', 'Referer': 'http://localhost:3000/', 'Accept-Encoding': 'gzip, deflate, br, zstd'}
2026-03-16 13:54:13,786 - __main__ - INFO - Request Args: {'page': '1', 'per_page': '10', 'search': '', 'sort_field': 'deck_id', 'sort_direction': 'desc'}
2026-03-16 13:54:13,788 - __main__ - INFO - === REQUEST COMPLETE ===
2026-03-16 13:54:13,811 - werkzeug - INFO - 127.0.0.1 - - [16/Mar/2026 13:54:13] "[31m[1mGET /api/all-decks?page=1&per_page=10&search=&sort_field=deck_id&sort_direction=desc HTTP/1.1[0m" 400 -
2026-03-16 13:54:13,955 - __main__ - INFO - === NEW REQUEST ===
2026-03-16 13:54:13,958 - __main__ - INFO - Request URL: http://localhost:5000/api/all-decks?page=1&per_page=10&search=&sort_field=deck_id&sort_direction=desc
2026-03-16 13:54:13,962 - __main__ - INFO - Request Path: /api/all-decks
2026-03-16 13:54:13,969 - __main__ - INFO - Request Method: GET
2026-03-16 13:54:13,971 - __main__ - INFO - Request Headers: {'Host': 'localhost:5000', 'Connection': 'keep-alive', 'Sec-Ch-Ua-Platform': '"Windows"', 'User-Agent': 'Mozilla/5.0 (Windows NT 10.0; Win64; x64) AppleWebKit/537.36 (KHTML, like Gecko) Chrome/145.0.0.0 Safari/537.36', 'Sec-Ch-Ua': '"Not:A-Brand";v="99", "Brave";v="145", "Chromium";v="145"', 'Content-Type': 'application/json', 'Sec-Ch-Ua-Mobile': '?0', 'Accept': '*/*', 'Sec-Gpc': '1', 'Accept-Language': 'nl-NL,nl;q=0.7', 'Origin': 'http://localhost:3000', 'Sec-Fetch-Site': 'same-site', 'Sec-Fetch-Mode': 'cors', 'Sec-Fetch-Dest': 'empty', 'Referer': 'http://localhost:3000/', 'Accept-Encoding': 'gzip, deflate, br, zstd'}
2026-03-16 13:54:13,972 - __main__ - INFO - Request Args: {'page': '1', 'per_page': '10', 'search': '', 'sort_field': 'deck_id', 'sort_direction': 'desc'}
2026-03-16 13:54:13,979 - __main__ - INFO - === REQUEST COMPLETE ===
2026-03-16 13:54:13,983 - werkzeug - INFO - 127.0.0.1 - - [16/Mar/2026 13:54:13] "[31m[1mGET /api/all-decks?page=1&per_page=10&search=&sort_field=deck_id&sort_direction=desc HTTP/1.1[0m" 400 -
2026-03-16 13:54:14,149 - __main__ - INFO - === NEW REQUEST ===
2026-03-16 13:54:14,150 - __main__ - INFO - Request URL: http://localhost:5000/api/all-decks?page=1&per_page=10&search=&sort_field=deck_id&sort_direction=desc
2026-03-16 13:54:14,151 - __main__ - INFO - Request Path: /api/all-decks
2026-03-16 13:54:14,151 - __main__ - INFO - Request Method: GET
2026-03-16 13:54:14,152 - __main__ - INFO - Request Headers: {'Host': 'localhost:5000', 'Connection': 'keep-alive', 'Sec-Ch-Ua-Platform': '"Windows"', 'User-Agent': 'Mozilla/5.0 (Windows NT 10.0; Win64; x64) AppleWebKit/537.36 (KHTML, like Gecko) Chrome/145.0.0.0 Safari/537.36', 'Sec-Ch-Ua': '"Not:A-Brand";v="99", "Brave";v="145", "Chromium";v="145"', 'Content-Type': 'application/json', 'Sec-Ch-Ua-Mobile': '?0', 'Accept': '*/*', 'Sec-Gpc': '1', 'Accept-Language': 'nl-NL,nl;q=0.7', 'Origin': 'http://localhost:3000', 'Sec-Fetch-Site': 'same-site', 'Sec-Fetch-Mode': 'cors', 'Sec-Fetch-Dest': 'empty', 'Referer': 'http://localhost:3000/', 'Accept-Encoding': 'gzip, deflate, br, zstd'}
2026-03-16 13:54:14,153 - __main__ - INFO - Request Args: {'page': '1', 'per_page': '10', 'search': '', 'sort_field': 'deck_id', 'sort_direction': 'desc'}
2026-03-16 13:54:14,153 - __main__ - INFO - === REQUEST COMPLETE ===
2026-03-16 13:54:14,155 - werkzeug - INFO - 127.0.0.1 - - [16/Mar/2026 13:54:14] "[31m[1mGET /api/all-decks?page=1&per_page=10&search=&sort_field=deck_id&sort_direction=desc HTTP/1.1[0m" 400 -
2026-03-16 13:54:26,800 - __main__ - INFO - === NEW REQUEST ===
2026-03-16 13:54:26,803 - __main__ - INFO - Request URL: http://localhost:5000/api/decks
2026-03-16 13:54:26,803 - __main__ - INFO - Request Path: /api/decks
2026-03-16 13:54:26,804 - __main__ - INFO - Request Method: OPTIONS
2026-03-16 13:54:26,806 - __main__ - INFO - Request Headers: {'Host': 'localhost:5000', 'Connection': 'keep-alive', 'Accept': '*/*', 'Access-Control-Request-Method': 'POST', 'Access-Control-Request-Headers': 'content-type', 'Origin': 'http://localhost:3000', 'User-Agent': 'Mozilla/5.0 (Windows NT 10.0; Win64; x64) AppleWebKit/537.36 (KHTML, like Gecko) Chrome/145.0.0.0 Safari/537.36', 'Sec-Fetch-Mode': 'cors', 'Sec-Fetch-Site': 'same-site', 'Sec-Fetch-Dest': 'empty', 'Referer': 'http://localhost:3000/', 'Accept-Encoding': 'gzip, deflate, br, zstd', 'Accept-Language': 'nl-NL,nl;q=0.9,en-US;q=0.8,en;q=0.7'}
2026-03-16 13:54:26,807 - __main__ - INFO - Request Args: {}
2026-03-16 13:54:26,813 - __main__ - INFO - Response Status: 200
2026-03-16 13:54:26,814 - __main__ - INFO - Response Duration: 0.001s
2026-03-16 13:54:26,814 - __main__ - INFO - === REQUEST COMPLETE ===
2026-03-16 13:54:26,816 - werkzeug - INFO - 127.0.0.1 - - [16/Mar/2026 13:54:26] "OPTIONS /api/decks HTTP/1.1" 200 -
2026-03-16 13:54:27,114 - __main__ - INFO - === NEW REQUEST ===
2026-03-16 13:54:27,116 - __main__ - INFO - Request URL: http://localhost:5000/api/decks
2026-03-16 13:54:27,119 - __main__ - INFO - Request Path: /api/decks
2026-03-16 13:54:27,120 - __main__ - INFO - Request Method: OPTIONS
2026-03-16 13:54:27,121 - __main__ - INFO - Request Headers: {'Host': 'localhost:5000', 'Connection': 'keep-alive', 'Accept': '*/*', 'Access-Control-Request-Method': 'POST', 'Access-Control-Request-Headers': 'content-type', 'Origin': 'http://localhost:3000', 'User-Agent': 'Mozilla/5.0 (Windows NT 10.0; Win64; x64) AppleWebKit/537.36 (KHTML, like Gecko) Chrome/145.0.0.0 Safari/537.36', 'Sec-Fetch-Mode': 'cors', 'Sec-Fetch-Site': 'same-site', 'Sec-Fetch-Dest': 'empty', 'Referer': 'http://localhost:3000/', 'Accept-Encoding': 'gzip, deflate, br, zstd', 'Accept-Language': 'nl-NL,nl;q=0.9,en-US;q=0.8,en;q=0.7'}
2026-03-16 13:54:27,123 - __main__ - INFO - Request Args: {}
2026-03-16 13:54:27,132 - __main__ - INFO - Response Status: 200
2026-03-16 13:54:27,143 - __main__ - INFO - === NEW REQUEST ===
2026-03-16 13:54:27,144 - __main__ - INFO - Response Duration: 0.002s
2026-03-16 13:54:27,146 - __main__ - INFO - === REQUEST COMPLETE ===
2026-03-16 13:54:27,145 - __main__ - INFO - Request URL: http://localhost:5000/api/decks
2026-03-16 13:54:27,148 - werkzeug - INFO - 127.0.0.1 - - [16/Mar/2026 13:54:27] "OPTIONS /api/decks HTTP/1.1" 200 -
2026-03-16 13:54:27,149 - __main__ - INFO - Request Path: /api/decks
2026-03-16 13:54:27,150 - __main__ - INFO - Request Method: POST
2026-03-16 13:54:27,166 - __main__ - INFO - Request Headers: {'Host': 'localhost:5000', 'Connection': 'keep-alive', 'Content-Length': '21', 'Sec-Ch-Ua-Platform': '"Windows"', 'User-Agent': 'Mozilla/5.0 (Windows NT 10.0; Win64; x64) AppleWebKit/537.36 (KHTML, like Gecko) Chrome/145.0.0.0 Safari/537.36', 'Sec-Ch-Ua': '"Not:A-Brand";v="99", "Brave";v="145", "Chromium";v="145"', 'Content-Type': 'application/json', 'Sec-Ch-Ua-Mobile': '?0', 'Accept': '*/*', 'Sec-Gpc': '1', 'Accept-Language': 'nl-NL,nl;q=0.7', 'Origin': 'http://localhost:3000', 'Sec-Fetch-Site': 'same-site', 'Sec-Fetch-Mode': 'cors', 'Sec-Fetch-Dest': 'empty', 'Referer': 'http://localhost:3000/', 'Accept-Encoding': 'gzip, deflate, br, zstd'}
2026-03-16 13:54:27,170 - __main__ - INFO - Request Args: {}
2026-03-16 13:54:27,187 - __main__ - INFO - Request JSON: {'username': 'Ethoes'}
2026-03-16 13:54:27,240 - __main__ - INFO - Response Status: 200
2026-03-16 13:54:27,245 - __main__ - INFO - Response Duration: 0.051s
2026-03-16 13:54:27,246 - __main__ - INFO - === REQUEST COMPLETE ===
2026-03-16 13:54:27,247 - werkzeug - INFO - 127.0.0.1 - - [16/Mar/2026 13:54:27] "POST /api/decks HTTP/1.1" 200 -
2026-03-16 13:54:27,478 - __main__ - INFO - === NEW REQUEST ===
2026-03-16 13:54:27,479 - __main__ - INFO - Request URL: http://localhost:5000/api/decks
2026-03-16 13:54:27,479 - __main__ - INFO - Request Path: /api/decks
2026-03-16 13:54:27,480 - __main__ - INFO - Request Method: POST
2026-03-16 13:54:27,481 - __main__ - INFO - Request Headers: {'Host': 'localhost:5000', 'Connection': 'keep-alive', 'Content-Length': '21', 'Sec-Ch-Ua-Platform': '"Windows"', 'User-Agent': 'Mozilla/5.0 (Windows NT 10.0; Win64; x64) AppleWebKit/537.36 (KHTML, like Gecko) Chrome/145.0.0.0 Safari/537.36', 'Sec-Ch-Ua': '"Not:A-Brand";v="99", "Brave";v="145", "Chromium";v="145"', 'Content-Type': 'application/json', 'Sec-Ch-Ua-Mobile': '?0', 'Accept': '*/*', 'Sec-Gpc': '1', 'Accept-Language': 'nl-NL,nl;q=0.7', 'Origin': 'http://localhost:3000', 'Sec-Fetch-Site': 'same-site', 'Sec-Fetch-Mode': 'cors', 'Sec-Fetch-Dest': 'empty', 'Referer': 'http://localhost:3000/', 'Accept-Encoding': 'gzip, deflate, br, zstd'}
2026-03-16 13:54:27,481 - __main__ - INFO - Request Args: {}
2026-03-16 13:54:27,482 - __main__ - INFO - Request JSON: {'username': 'Ethoes'}
2026-03-16 13:54:27,492 - __main__ - INFO - Response Status: 200
2026-03-16 13:54:27,493 - __main__ - INFO - Response Duration: 0.009s
2026-03-16 13:54:27,493 - __main__ - INFO - === REQUEST COMPLETE ===
2026-03-16 13:54:27,495 - werkzeug - INFO - 127.0.0.1 - - [16/Mar/2026 13:54:27] "POST /api/decks HTTP/1.1" 200 -
2026-03-16 13:54:33,320 - __main__ - INFO - === NEW REQUEST ===
2026-03-16 13:54:33,331 - __main__ - INFO - Request URL: http://localhost:5000/api/all-decks?page=1&per_page=10&search=&sort_field=deck_id&sort_direction=desc
2026-03-16 13:54:33,335 - __main__ - INFO - Request Path: /api/all-decks
2026-03-16 13:54:33,335 - __main__ - INFO - === NEW REQUEST ===
2026-03-16 13:54:33,337 - __main__ - INFO - Request Method: OPTIONS
2026-03-16 13:54:33,338 - __main__ - INFO - Request URL: http://localhost:5000/api/all-decks?page=1&per_page=10&search=&sort_field=deck_id&sort_direction=desc
2026-03-16 13:54:33,342 - __main__ - INFO - Request Path: /api/all-decks
2026-03-16 13:54:33,340 - __main__ - INFO - Request Headers: {'Host': 'localhost:5000', 'Connection': 'keep-alive', 'Accept': '*/*', 'Access-Control-Request-Method': 'GET', 'Access-Control-Request-Headers': 'content-type', 'Origin': 'http://localhost:3000', 'User-Agent': 'Mozilla/5.0 (Windows NT 10.0; Win64; x64) AppleWebKit/537.36 (KHTML, like Gecko) Chrome/145.0.0.0 Safari/537.36', 'Sec-Fetch-Mode': 'cors', 'Sec-Fetch-Site': 'same-site', 'Sec-Fetch-Dest': 'empty', 'Referer': 'http://localhost:3000/', 'Accept-Encoding': 'gzip, deflate, br, zstd', 'Accept-Language': 'nl-NL,nl;q=0.9,en-US;q=0.8,en;q=0.7'}
2026-03-16 13:54:33,343 - __main__ - INFO - Request Method: OPTIONS
2026-03-16 13:54:33,348 - __main__ - INFO - Request Args: {'page': '1', 'per_page': '10', 'search': '', 'sort_field': 'deck_id', 'sort_direction': 'desc'}
2026-03-16 13:54:33,349 - __main__ - INFO - Request Headers: {'Host': 'localhost:5000', 'Connection': 'keep-alive', 'Accept': '*/*', 'Access-Control-Request-Method': 'GET', 'Access-Control-Request-Headers': 'content-type', 'Origin': 'http://localhost:3000', 'User-Agent': 'Mozilla/5.0 (Windows NT 10.0; Win64; x64) AppleWebKit/537.36 (KHTML, like Gecko) Chrome/145.0.0.0 Safari/537.36', 'Sec-Fetch-Mode': 'cors', 'Sec-Fetch-Site': 'same-site', 'Sec-Fetch-Dest': 'empty', 'Referer': 'http://localhost:3000/', 'Accept-Encoding': 'gzip, deflate, br, zstd', 'Accept-Language': 'nl-NL,nl;q=0.9,en-US;q=0.8,en;q=0.7'}
2026-03-16 13:54:33,352 - __main__ - INFO - Response Status: 200
2026-03-16 13:54:33,353 - __main__ - INFO - Request Args: {'page': '1', 'per_page': '10', 'search': '', 'sort_field': 'deck_id', 'sort_direction': 'desc'}
2026-03-16 13:54:33,353 - __main__ - INFO - Response Duration: 0.001s
2026-03-16 13:54:33,361 - __main__ - INFO - Response Status: 200
2026-03-16 13:54:33,364 - __main__ - INFO - === REQUEST COMPLETE ===
2026-03-16 13:54:33,366 - __main__ - INFO - Response Duration: 0.007s
2026-03-16 13:54:33,368 - werkzeug - INFO - 127.0.0.1 - - [16/Mar/2026 13:54:33] "OPTIONS /api/all-decks?page=1&per_page=10&search=&sort_field=deck_id&sort_direction=desc HTTP/1.1" 200 -
2026-03-16 13:54:33,369 - __main__ - INFO - === REQUEST COMPLETE ===
2026-03-16 13:54:33,371 - werkzeug - INFO - 127.0.0.1 - - [16/Mar/2026 13:54:33] "OPTIONS /api/all-decks?page=1&per_page=10&search=&sort_field=deck_id&sort_direction=desc HTTP/1.1" 200 -
2026-03-16 13:54:33,533 - __main__ - INFO - === NEW REQUEST ===
2026-03-16 13:54:33,534 - __main__ - INFO - Request URL: http://localhost:5000/api/all-decks?page=1&per_page=10&search=&sort_field=deck_id&sort_direction=desc
2026-03-16 13:54:33,534 - __main__ - INFO - Request Path: /api/all-decks
2026-03-16 13:54:33,535 - __main__ - INFO - Request Method: GET
2026-03-16 13:54:33,536 - __main__ - INFO - Request Headers: {'Host': 'localhost:5000', 'Connection': 'keep-alive', 'Sec-Ch-Ua-Platform': '"Windows"', 'User-Agent': 'Mozilla/5.0 (Windows NT 10.0; Win64; x64) AppleWebKit/537.36 (KHTML, like Gecko) Chrome/145.0.0.0 Safari/537.36', 'Sec-Ch-Ua': '"Not:A-Brand";v="99", "Brave";v="145", "Chromium";v="145"', 'Content-Type': 'application/json', 'Sec-Ch-Ua-Mobile': '?0', 'Accept': '*/*', 'Sec-Gpc': '1', 'Accept-Language': 'nl-NL,nl;q=0.7', 'Origin': 'http://localhost:3000', 'Sec-Fetch-Site': 'same-site', 'Sec-Fetch-Mode': 'cors', 'Sec-Fetch-Dest': 'empty', 'Referer': 'http://localhost:3000/', 'Accept-Encoding': 'gzip, deflate, br, zstd'}
2026-03-16 13:54:33,537 - __main__ - INFO - Request Args: {'page': '1', 'per_page': '10', 'search': '', 'sort_field': 'deck_id', 'sort_direction': 'desc'}
2026-03-16 13:54:33,545 - __main__ - INFO - === REQUEST COMPLETE ===
2026-03-16 13:54:33,547 - werkzeug - INFO - 127.0.0.1 - - [16/Mar/2026 13:54:33] "[31m[1mGET /api/all-decks?page=1&per_page=10&search=&sort_field=deck_id&sort_direction=desc HTTP/1.1[0m" 400 -
2026-03-16 13:54:33,703 - __main__ - INFO - === NEW REQUEST ===
2026-03-16 13:54:33,704 - __main__ - INFO - Request URL: http://localhost:5000/api/all-decks?page=1&per_page=10&search=&sort_field=deck_id&sort_direction=desc
2026-03-16 13:54:33,713 - __main__ - INFO - Request Path: /api/all-decks
2026-03-16 13:54:33,713 - __main__ - INFO - Request Method: GET
2026-03-16 13:54:33,714 - __main__ - INFO - Request Headers: {'Host': 'localhost:5000', 'Connection': 'keep-alive', 'Sec-Ch-Ua-Platform': '"Windows"', 'User-Agent': 'Mozilla/5.0 (Windows NT 10.0; Win64; x64) AppleWebKit/537.36 (KHTML, like Gecko) Chrome/145.0.0.0 Safari/537.36', 'Sec-Ch-Ua': '"Not:A-Brand";v="99", "Brave";v="145", "Chromium";v="145"', 'Content-Type': 'application/json', 'Sec-Ch-Ua-Mobile': '?0', 'Accept': '*/*', 'Sec-Gpc': '1', 'Accept-Language': 'nl-NL,nl;q=0.7', 'Origin': 'http://localhost:3000', 'Sec-Fetch-Site': 'same-site', 'Sec-Fetch-Mode': 'cors', 'Sec-Fetch-Dest': 'empty', 'Referer': 'http://localhost:3000/', 'Accept-Encoding': 'gzip, deflate, br, zstd'}
2026-03-16 13:54:33,715 - __main__ - INFO - Request Args: {'page': '1', 'per_page': '10', 'search': '', 'sort_field': 'deck_id', 'sort_direction': 'desc'}
2026-03-16 13:54:33,717 - __main__ - INFO - === REQUEST COMPLETE ===
2026-03-16 13:54:33,718 - werkzeug - INFO - 127.0.0.1 - - [16/Mar/2026 13:54:33] "[31m[1mGET /api/all-decks?page=1&per_page=10&search=&sort_field=deck_id&sort_direction=desc HTTP/1.1[0m" 400 -
2026-03-16 13:54:33,862 - __main__ - INFO - === NEW REQUEST ===
2026-03-16 13:54:33,863 - __main__ - INFO - Request URL: http://localhost:5000/api/all-decks?page=1&per_page=10&search=&sort_field=deck_id&sort_direction=desc
2026-03-16 13:54:33,864 - __main__ - INFO - Request Path: /api/all-decks
2026-03-16 13:54:33,865 - __main__ - INFO - Request Method: GET
2026-03-16 13:54:33,865 - __main__ - INFO - Request Headers: {'Host': 'localhost:5000', 'Connection': 'keep-alive', 'Sec-Ch-Ua-Platform': '"Windows"', 'User-Agent': 'Mozilla/5.0 (Windows NT 10.0; Win64; x64) AppleWebKit/537.36 (KHTML, like Gecko) Chrome/145.0.0.0 Safari/537.36', 'Sec-Ch-Ua': '"Not:A-Brand";v="99", "Brave";v="145", "Chromium";v="145"', 'Content-Type': 'application/json', 'Sec-Ch-Ua-Mobile': '?0', 'Accept': '*/*', 'Sec-Gpc': '1', 'Accept-Language': 'nl-NL,nl;q=0.7', 'Origin': 'http://localhost:3000', 'Sec-Fetch-Site': 'same-site', 'Sec-Fetch-Mode': 'cors', 'Sec-Fetch-Dest': 'empty', 'Referer': 'http://localhost:3000/', 'Accept-Encoding': 'gzip, deflate, br, zstd'}
2026-03-16 13:54:33,866 - __main__ - INFO - Request Args: {'page': '1', 'per_page': '10', 'search': '', 'sort_field': 'deck_id', 'sort_direction': 'desc'}
2026-03-16 13:54:33,867 - __main__ - INFO - === REQUEST COMPLETE ===
2026-03-16 13:54:33,868 - werkzeug - INFO - 127.0.0.1 - - [16/Mar/2026 13:54:33] "[31m[1mGET /api/all-decks?page=1&per_page=10&search=&sort_field=deck_id&sort_direction=desc HTTP/1.1[0m" 400 -
2026-03-16 14:00:05,856 - __main__ - INFO - === NEW REQUEST ===
2026-03-16 14:00:05,858 - __main__ - INFO - === NEW REQUEST ===
2026-03-16 14:00:05,858 - __main__ - INFO - Request URL: http://localhost:5000/api/all-decks?page=1&per_page=10&search=&sort_field=deck_id&sort_direction=desc
2026-03-16 14:00:05,859 - __main__ - INFO - Request URL: http://localhost:5000/api/all-decks?page=1&per_page=10&search=&sort_field=deck_id&sort_direction=desc
2026-03-16 14:00:05,860 - __main__ - INFO - Request Path: /api/all-decks
2026-03-16 14:00:05,859 - __main__ - INFO - Request Path: /api/all-decks
2026-03-16 14:00:05,860 - __main__ - INFO - Request Method: OPTIONS
2026-03-16 14:00:05,860 - __main__ - INFO - Request Method: OPTIONS
2026-03-16 14:00:05,861 - __main__ - INFO - Request Headers: {'Host': 'localhost:5000', 'Connection': 'keep-alive', 'Accept': '*/*', 'Access-Control-Request-Method': 'GET', 'Access-Control-Request-Headers': 'content-type', 'Origin': 'http://localhost:3000', 'User-Agent': 'Mozilla/5.0 (Windows NT 10.0; Win64; x64) AppleWebKit/537.36 (KHTML, like Gecko) Chrome/145.0.0.0 Safari/537.36', 'Sec-Fetch-Mode': 'cors', 'Sec-Fetch-Site': 'same-site', 'Sec-Fetch-Dest': 'empty', 'Referer': 'http://localhost:3000/', 'Accept-Encoding': 'gzip, deflate, br, zstd', 'Accept-Language': 'nl-NL,nl;q=0.9,en-US;q=0.8,en;q=0.7'}
2026-03-16 14:00:05,865 - __main__ - INFO - Request Args: {'page': '1', 'per_page': '10', 'search': '', 'sort_field': 'deck_id', 'sort_direction': 'desc'}
2026-03-16 14:00:05,861 - __main__ - INFO - Request Headers: {'Host': 'localhost:5000', 'Connection': 'keep-alive', 'Accept': '*/*', 'Access-Control-Request-Method': 'GET', 'Access-Control-Request-Headers': 'content-type', 'Origin': 'http://localhost:3000', 'User-Agent': 'Mozilla/5.0 (Windows NT 10.0; Win64; x64) AppleWebKit/537.36 (KHTML, like Gecko) Chrome/145.0.0.0 Safari/537.36', 'Sec-Fetch-Mode': 'cors', 'Sec-Fetch-Site': 'same-site', 'Sec-Fetch-Dest': 'empty', 'Referer': 'http://localhost:3000/', 'Accept-Encoding': 'gzip, deflate, br, zstd', 'Accept-Language': 'nl-NL,nl;q=0.9,en-US;q=0.8,en;q=0.7'}
2026-03-16 14:00:05,868 - __main__ - INFO - Response Status: 200
2026-03-16 14:00:05,869 - __main__ - INFO - Request Args: {'page': '1', 'per_page': '10', 'search': '', 'sort_field': 'deck_id', 'sort_direction': 'desc'}
2026-03-16 14:00:05,869 - __main__ - INFO - Response Duration: 0.001s
2026-03-16 14:00:05,871 - __main__ - INFO - Response Status: 200
2026-03-16 14:00:05,872 - __main__ - INFO - Response Duration: 0.000s
2026-03-16 14:00:05,872 - __main__ - INFO - === REQUEST COMPLETE ===
2026-03-16 14:00:05,873 - __main__ - INFO - === REQUEST COMPLETE ===
2026-03-16 14:00:05,875 - werkzeug - INFO - 127.0.0.1 - - [16/Mar/2026 14:00:05] "OPTIONS /api/all-decks?page=1&per_page=10&search=&sort_field=deck_id&sort_direction=desc HTTP/1.1" 200 -
2026-03-16 14:00:05,874 - werkzeug - INFO - 127.0.0.1 - - [16/Mar/2026 14:00:05] "OPTIONS /api/all-decks?page=1&per_page=10&search=&sort_field=deck_id&sort_direction=desc HTTP/1.1" 200 -
2026-03-16 14:00:06,109 - __main__ - INFO - === NEW REQUEST ===
2026-03-16 14:00:06,109 - __main__ - INFO - Request URL: http://localhost:5000/api/all-decks?page=1&per_page=10&search=&sort_field=deck_id&sort_direction=desc
2026-03-16 14:00:06,110 - __main__ - INFO - Request Path: /api/all-decks
2026-03-16 14:00:06,110 - __main__ - INFO - Request Method: GET
2026-03-16 14:00:06,110 - __main__ - INFO - Request Headers: {'Host': 'localhost:5000', 'Connection': 'keep-alive', 'Sec-Ch-Ua-Platform': '"Windows"', 'User-Agent': 'Mozilla/5.0 (Windows NT 10.0; Win64; x64) AppleWebKit/537.36 (KHTML, like Gecko) Chrome/145.0.0.0 Safari/537.36', 'Sec-Ch-Ua': '"Not:A-Brand";v="99", "Brave";v="145", "Chromium";v="145"', 'Content-Type': 'application/json', 'Sec-Ch-Ua-Mobile': '?0', 'Accept': '*/*', 'Sec-Gpc': '1', 'Accept-Language': 'nl-NL,nl;q=0.7', 'Origin': 'http://localhost:3000', 'Sec-Fetch-Site': 'same-site', 'Sec-Fetch-Mode': 'cors', 'Sec-Fetch-Dest': 'empty', 'Referer': 'http://localhost:3000/', 'Accept-Encoding': 'gzip, deflate, br, zstd'}
2026-03-16 14:00:06,111 - __main__ - INFO - Request Args: {'page': '1', 'per_page': '10', 'search': '', 'sort_field': 'deck_id', 'sort_direction': 'desc'}
2026-03-16 14:00:06,112 - __main__ - INFO - === REQUEST COMPLETE ===
2026-03-16 14:00:06,113 - werkzeug - INFO - 127.0.0.1 - - [16/Mar/2026 14:00:06] "[31m[1mGET /api/all-decks?page=1&per_page=10&search=&sort_field=deck_id&sort_direction=desc HTTP/1.1[0m" 400 -
2026-03-16 14:00:06,226 - __main__ - INFO - === NEW REQUEST ===
2026-03-16 14:00:06,227 - __main__ - INFO - Request URL: http://localhost:5000/api/all-decks?page=1&per_page=10&search=&sort_field=deck_id&sort_direction=desc
2026-03-16 14:00:06,227 - __main__ - INFO - Request Path: /api/all-decks
2026-03-16 14:00:06,227 - __main__ - INFO - Request Method: GET
2026-03-16 14:00:06,228 - __main__ - INFO - Request Headers: {'Host': 'localhost:5000', 'Connection': 'keep-alive', 'Sec-Ch-Ua-Platform': '"Windows"', 'User-Agent': 'Mozilla/5.0 (Windows NT 10.0; Win64; x64) AppleWebKit/537.36 (KHTML, like Gecko) Chrome/145.0.0.0 Safari/537.36', 'Sec-Ch-Ua': '"Not:A-Brand";v="99", "Brave";v="145", "Chromium";v="145"', 'Content-Type': 'application/json', 'Sec-Ch-Ua-Mobile': '?0', 'Accept': '*/*', 'Sec-Gpc': '1', 'Accept-Language': 'nl-NL,nl;q=0.7', 'Origin': 'http://localhost:3000', 'Sec-Fetch-Site': 'same-site', 'Sec-Fetch-Mode': 'cors', 'Sec-Fetch-Dest': 'empty', 'Referer': 'http://localhost:3000/', 'Accept-Encoding': 'gzip, deflate, br, zstd'}
2026-03-16 14:00:06,233 - __main__ - INFO - Request Args: {'page': '1', 'per_page': '10', 'search': '', 'sort_field': 'deck_id', 'sort_direction': 'desc'}
2026-03-16 14:00:06,238 - __main__ - INFO - === REQUEST COMPLETE ===
2026-03-16 14:00:06,264 - werkzeug - INFO - 127.0.0.1 - - [16/Mar/2026 14:00:06] "[31m[1mGET /api/all-decks?page=1&per_page=10&search=&sort_field=deck_id&sort_direction=desc HTTP/1.1[0m" 400 -
2026-03-16 14:00:06,441 - __main__ - INFO - === NEW REQUEST ===
2026-03-16 14:00:06,442 - __main__ - INFO - Request URL: http://localhost:5000/api/all-decks?page=1&per_page=10&search=&sort_field=deck_id&sort_direction=desc
2026-03-16 14:00:06,443 - __main__ - INFO - Request Path: /api/all-decks
2026-03-16 14:00:06,443 - __main__ - INFO - Request Method: GET
2026-03-16 14:00:06,444 - __main__ - INFO - Request Headers: {'Host': 'localhost:5000', 'Connection': 'keep-alive', 'Sec-Ch-Ua-Platform': '"Windows"', 'User-Agent': 'Mozilla/5.0 (Windows NT 10.0; Win64; x64) AppleWebKit/537.36 (KHTML, like Gecko) Chrome/145.0.0.0 Safari/537.36', 'Sec-Ch-Ua': '"Not:A-Brand";v="99", "Brave";v="145", "Chromium";v="145"', 'Content-Type': 'application/json', 'Sec-Ch-Ua-Mobile': '?0', 'Accept': '*/*', 'Sec-Gpc': '1', 'Accept-Language': 'nl-NL,nl;q=0.7', 'Origin': 'http://localhost:3000', 'Sec-Fetch-Site': 'same-site', 'Sec-Fetch-Mode': 'cors', 'Sec-Fetch-Dest': 'empty', 'Referer': 'http://localhost:3000/', 'Accept-Encoding': 'gzip, deflate, br, zstd'}
2026-03-16 14:00:06,444 - __main__ - INFO - Request Args: {'page': '1', 'per_page': '10', 'search': '', 'sort_field': 'deck_id', 'sort_direction': 'desc'}
2026-03-16 14:00:06,445 - __main__ - INFO - === REQUEST COMPLETE ===
2026-03-16 14:00:06,446 - werkzeug - INFO - 127.0.0.1 - - [16/Mar/2026 14:00:06] "[31m[1mGET /api/all-decks?page=1&per_page=10&search=&sort_field=deck_id&sort_direction=desc HTTP/1.1[0m" 400 -
2026-03-16 14:02:40,014 - __main__ - INFO - === NEW REQUEST ===
2026-03-16 14:02:40,018 - __main__ - INFO - Request URL: http://localhost:5000/api/all-decks?page=1&per_page=10&search=&sort_field=deck_id&sort_direction=desc
2026-03-16 14:02:40,018 - __main__ - INFO - Request Path: /api/all-decks
2026-03-16 14:02:40,020 - __main__ - INFO - === NEW REQUEST ===
2026-03-16 14:02:40,020 - __main__ - INFO - Request Method: OPTIONS
2026-03-16 14:02:40,030 - __main__ - INFO - Request URL: http://localhost:5000/api/all-decks?page=1&per_page=10&search=&sort_field=deck_id&sort_direction=desc
2026-03-16 14:02:40,031 - __main__ - INFO - Request Headers: {'Host': 'localhost:5000', 'Connection': 'keep-alive', 'Accept': '*/*', 'Access-Control-Request-Method': 'GET', 'Access-Control-Request-Headers': 'content-type', 'Origin': 'http://localhost:3000', 'User-Agent': 'Mozilla/5.0 (Windows NT 10.0; Win64; x64) AppleWebKit/537.36 (KHTML, like Gecko) Chrome/145.0.0.0 Safari/537.36', 'Sec-Fetch-Mode': 'cors', 'Sec-Fetch-Site': 'same-site', 'Sec-Fetch-Dest': 'empty', 'Referer': 'http://localhost:3000/', 'Accept-Encoding': 'gzip, deflate, br, zstd', 'Accept-Language': 'nl-NL,nl;q=0.9,en-US;q=0.8,en;q=0.7'}
2026-03-16 14:02:40,032 - __main__ - INFO - Request Path: /api/all-decks
2026-03-16 14:02:40,033 - __main__ - INFO - Request Args: {'page': '1', 'per_page': '10', 'search': '', 'sort_field': 'deck_id', 'sort_direction': 'desc'}
2026-03-16 14:02:40,033 - __main__ - INFO - Request Method: OPTIONS
2026-03-16 14:02:40,034 - __main__ - INFO - Request Headers: {'Host': 'localhost:5000', 'Connection': 'keep-alive', 'Accept': '*/*', 'Access-Control-Request-Method': 'GET', 'Access-Control-Request-Headers': 'content-type', 'Origin': 'http://localhost:3000', 'User-Agent': 'Mozilla/5.0 (Windows NT 10.0; Win64; x64) AppleWebKit/537.36 (KHTML, like Gecko) Chrome/145.0.0.0 Safari/537.36', 'Sec-Fetch-Mode': 'cors', 'Sec-Fetch-Site': 'same-site', 'Sec-Fetch-Dest': 'empty', 'Referer': 'http://localhost:3000/', 'Accept-Encoding': 'gzip, deflate, br, zstd', 'Accept-Language': 'nl-NL,nl;q=0.9,en-US;q=0.8,en;q=0.7'}
2026-03-16 14:02:40,034 - __main__ - INFO - Response Status: 200
2026-03-16 14:02:40,037 - __main__ - INFO - Request Args: {'page': '1', 'per_page': '10', 'search': '', 'sort_field': 'deck_id', 'sort_direction': 'desc'}
2026-03-16 14:02:40,037 - __main__ - INFO - Response Duration: 0.000s
2026-03-16 14:02:40,038 - __main__ - INFO - Response Status: 200
2026-03-16 14:02:40,038 - __main__ - INFO - === REQUEST COMPLETE ===
2026-03-16 14:02:40,047 - __main__ - INFO - Response Duration: 0.000s
2026-03-16 14:02:40,048 - werkzeug - INFO - 127.0.0.1 - - [16/Mar/2026 14:02:40] "OPTIONS /api/all-decks?page=1&per_page=10&search=&sort_field=deck_id&sort_direction=desc HTTP/1.1" 200 -
2026-03-16 14:02:40,049 - __main__ - INFO - === REQUEST COMPLETE ===
2026-03-16 14:02:40,062 - werkzeug - INFO - 127.0.0.1 - - [16/Mar/2026 14:02:40] "OPTIONS /api/all-decks?page=1&per_page=10&search=&sort_field=deck_id&sort_direction=desc HTTP/1.1" 200 -
2026-03-16 14:02:40,284 - __main__ - INFO - === NEW REQUEST ===
2026-03-16 14:02:40,302 - __main__ - INFO - Request URL: http://localhost:5000/api/all-decks?page=1&per_page=10&search=&sort_field=deck_id&sort_direction=desc
2026-03-16 14:02:40,303 - __main__ - INFO - Request Path: /api/all-decks
2026-03-16 14:02:40,304 - __main__ - INFO - Request Method: GET
2026-03-16 14:02:40,304 - __main__ - INFO - Request Headers: {'Host': 'localhost:5000', 'Connection': 'keep-alive', 'Sec-Ch-Ua-Platform': '"Windows"', 'User-Agent': 'Mozilla/5.0 (Windows NT 10.0; Win64; x64) AppleWebKit/537.36 (KHTML, like Gecko) Chrome/145.0.0.0 Safari/537.36', 'Sec-Ch-Ua': '"Not:A-Brand";v="99", "Brave";v="145", "Chromium";v="145"', 'Content-Type': 'application/json', 'Sec-Ch-Ua-Mobile': '?0', 'Accept': '*/*', 'Sec-Gpc': '1', 'Accept-Language': 'nl-NL,nl;q=0.7', 'Origin': 'http://localhost:3000', 'Sec-Fetch-Site': 'same-site', 'Sec-Fetch-Mode': 'cors', 'Sec-Fetch-Dest': 'empty', 'Referer': 'http://localhost:3000/', 'Accept-Encoding': 'gzip, deflate, br, zstd'}
2026-03-16 14:02:40,305 - __main__ - INFO - Request Args: {'page': '1', 'per_page': '10', 'search': '', 'sort_field': 'deck_id', 'sort_direction': 'desc'}
2026-03-16 14:02:40,313 - __main__ - INFO - === REQUEST COMPLETE ===
2026-03-16 14:02:40,314 - werkzeug - INFO - 127.0.0.1 - - [16/Mar/2026 14:02:40] "[31m[1mGET /api/all-decks?page=1&per_page=10&search=&sort_field=deck_id&sort_direction=desc HTTP/1.1[0m" 400 -
2026-03-16 14:02:40,400 - __main__ - INFO - === NEW REQUEST ===
2026-03-16 14:02:40,404 - __main__ - INFO - Request URL: http://localhost:5000/api/all-decks?page=1&per_page=10&search=&sort_field=deck_id&sort_direction=desc
2026-03-16 14:02:40,414 - __main__ - INFO - Request Path: /api/all-decks
2026-03-16 14:02:40,415 - __main__ - INFO - Request Method: GET
2026-03-16 14:02:40,416 - __main__ - INFO - Request Headers: {'Host': 'localhost:5000', 'Connection': 'keep-alive', 'Sec-Ch-Ua-Platform': '"Windows"', 'User-Agent': 'Mozilla/5.0 (Windows NT 10.0; Win64; x64) AppleWebKit/537.36 (KHTML, like Gecko) Chrome/145.0.0.0 Safari/537.36', 'Sec-Ch-Ua': '"Not:A-Brand";v="99", "Brave";v="145", "Chromium";v="145"', 'Content-Type': 'application/json', 'Sec-Ch-Ua-Mobile': '?0', 'Accept': '*/*', 'Sec-Gpc': '1', 'Accept-Language': 'nl-NL,nl;q=0.7', 'Origin': 'http://localhost:3000', 'Sec-Fetch-Site': 'same-site', 'Sec-Fetch-Mode': 'cors', 'Sec-Fetch-Dest': 'empty', 'Referer': 'http://localhost:3000/', 'Accept-Encoding': 'gzip, deflate, br, zstd'}
2026-03-16 14:02:40,435 - __main__ - INFO - Request Args: {'page': '1', 'per_page': '10', 'search': '', 'sort_field': 'deck_id', 'sort_direction': 'desc'}
2026-03-16 14:02:40,464 - __main__ - INFO - === REQUEST COMPLETE ===
2026-03-16 14:02:40,470 - werkzeug - INFO - 127.0.0.1 - - [16/Mar/2026 14:02:40] "[31m[1mGET /api/all-decks?page=1&per_page=10&search=&sort_field=deck_id&sort_direction=desc HTTP/1.1[0m" 400 -
2026-03-16 14:02:40,631 - __main__ - INFO - === NEW REQUEST ===
2026-03-16 14:02:40,631 - __main__ - INFO - Request URL: http://localhost:5000/api/all-decks?page=1&per_page=10&search=&sort_field=deck_id&sort_direction=desc
2026-03-16 14:02:40,635 - __main__ - INFO - Request Path: /api/all-decks
2026-03-16 14:02:40,636 - __main__ - INFO - Request Method: GET
2026-03-16 14:02:40,636 - __main__ - INFO - Request Headers: {'Host': 'localhost:5000', 'Connection': 'keep-alive', 'Sec-Ch-Ua-Platform': '"Windows"', 'User-Agent': 'Mozilla/5.0 (Windows NT 10.0; Win64; x64) AppleWebKit/537.36 (KHTML, like Gecko) Chrome/145.0.0.0 Safari/537.36', 'Sec-Ch-Ua': '"Not:A-Brand";v="99", "Brave";v="145", "Chromium";v="145"', 'Content-Type': 'application/json', 'Sec-Ch-Ua-Mobile': '?0', 'Accept': '*/*', 'Sec-Gpc': '1', 'Accept-Language': 'nl-NL,nl;q=0.7', 'Origin': 'http://localhost:3000', 'Sec-Fetch-Site': 'same-site', 'Sec-Fetch-Mode': 'cors', 'Sec-Fetch-Dest': 'empty', 'Referer': 'http://localhost:3000/', 'Accept-Encoding': 'gzip, deflate, br, zstd'}
2026-03-16 14:02:40,638 - __main__ - INFO - Request Args: {'page': '1', 'per_page': '10', 'search': '', 'sort_field': 'deck_id', 'sort_direction': 'desc'}
2026-03-16 14:02:40,639 - __main__ - INFO - === REQUEST COMPLETE ===
2026-03-16 14:02:40,645 - werkzeug - INFO - 127.0.0.1 - - [16/Mar/2026 14:02:40] "[31m[1mGET /api/all-decks?page=1&per_page=10&search=&sort_field=deck_id&sort_direction=desc HTTP/1.1[0m" 400 -
2026-03-16 14:03:03,659 - __main__ - INFO - === NEW REQUEST ===
2026-03-16 14:03:03,660 - __main__ - INFO - Request URL: http://localhost:5000/api/all-decks?page=1&per_page=10&search=&sort_field=deck_id&sort_direction=desc
2026-03-16 14:03:03,661 - __main__ - INFO - Request Path: /api/all-decks
2026-03-16 14:03:03,661 - __main__ - INFO - Request Method: OPTIONS
2026-03-16 14:03:03,662 - __main__ - INFO - Request Headers: {'Host': 'localhost:5000', 'Connection': 'keep-alive', 'Accept': '*/*', 'Access-Control-Request-Method': 'GET', 'Access-Control-Request-Headers': 'content-type', 'Origin': 'http://localhost:3000', 'User-Agent': 'Mozilla/5.0 (Windows NT 10.0; Win64; x64) AppleWebKit/537.36 (KHTML, like Gecko) Chrome/145.0.0.0 Safari/537.36', 'Sec-Fetch-Mode': 'cors', 'Sec-Fetch-Site': 'same-site', 'Sec-Fetch-Dest': 'empty', 'Referer': 'http://localhost:3000/', 'Accept-Encoding': 'gzip, deflate, br, zstd', 'Accept-Language': 'nl-NL,nl;q=0.9,en-US;q=0.8,en;q=0.7'}
2026-03-16 14:03:03,663 - __main__ - INFO - Request Args: {'page': '1', 'per_page': '10', 'search': '', 'sort_field': 'deck_id', 'sort_direction': 'desc'}
2026-03-16 14:03:03,664 - __main__ - INFO - Response Status: 200
2026-03-16 14:03:03,665 - __main__ - INFO - Response Duration: 0.001s
2026-03-16 14:03:03,667 - __main__ - INFO - === REQUEST COMPLETE ===
2026-03-16 14:03:03,668 - werkzeug - INFO - 127.0.0.1 - - [16/Mar/2026 14:03:03] "OPTIONS /api/all-decks?page=1&per_page=10&search=&sort_field=deck_id&sort_direction=desc HTTP/1.1" 200 -
2026-03-16 14:03:03,988 - __main__ - INFO - === NEW REQUEST ===
2026-03-16 14:03:03,990 - __main__ - INFO - Request URL: http://localhost:5000/api/all-decks?page=1&per_page=10&search=&sort_field=deck_id&sort_direction=desc
2026-03-16 14:03:03,991 - __main__ - INFO - Request Path: /api/all-decks
2026-03-16 14:03:03,991 - __main__ - INFO - Request Method: GET
2026-03-16 14:03:03,991 - __main__ - INFO - Request Headers: {'Host': 'localhost:5000', 'Connection': 'keep-alive', 'Sec-Ch-Ua-Platform': '"Windows"', 'User-Agent': 'Mozilla/5.0 (Windows NT 10.0; Win64; x64) AppleWebKit/537.36 (KHTML, like Gecko) Chrome/145.0.0.0 Safari/537.36', 'Sec-Ch-Ua': '"Not:A-Brand";v="99", "Brave";v="145", "Chromium";v="145"', 'Content-Type': 'application/json', 'Sec-Ch-Ua-Mobile': '?0', 'Accept': '*/*', 'Sec-Gpc': '1', 'Accept-Language': 'nl-NL,nl;q=0.7', 'Origin': 'http://localhost:3000', 'Sec-Fetch-Site': 'same-site', 'Sec-Fetch-Mode': 'cors', 'Sec-Fetch-Dest': 'empty', 'Referer': 'http://localhost:3000/', 'Accept-Encoding': 'gzip, deflate, br, zstd'}
2026-03-16 14:03:03,992 - __main__ - INFO - Request Args: {'page': '1', 'per_page': '10', 'search': '', 'sort_field': 'deck_id', 'sort_direction': 'desc'}
2026-03-16 14:03:03,993 - __main__ - INFO - === REQUEST COMPLETE ===
2026-03-16 14:03:03,993 - werkzeug - INFO - 127.0.0.1 - - [16/Mar/2026 14:03:03] "[31m[1mGET /api/all-decks?page=1&per_page=10&search=&sort_field=deck_id&sort_direction=desc HTTP/1.1[0m" 400 -
2026-03-16 14:03:04,653 - __main__ - INFO - === NEW REQUEST ===
2026-03-16 14:03:04,655 - __main__ - INFO - Request URL: http://localhost:5000/api/all-decks?page=1&per_page=10&search=&sort_field=deck_id&sort_direction=desc
2026-03-16 14:03:04,656 - __main__ - INFO - Request Path: /api/all-decks
2026-03-16 14:03:04,657 - __main__ - INFO - Request Method: GET
2026-03-16 14:03:04,658 - __main__ - INFO - Request Headers: {'Host': 'localhost:5000', 'Connection': 'keep-alive', 'Sec-Ch-Ua-Platform': '"Windows"', 'User-Agent': 'Mozilla/5.0 (Windows NT 10.0; Win64; x64) AppleWebKit/537.36 (KHTML, like Gecko) Chrome/145.0.0.0 Safari/537.36', 'Sec-Ch-Ua': '"Not:A-Brand";v="99", "Brave";v="145", "Chromium";v="145"', 'Content-Type': 'application/json', 'Sec-Ch-Ua-Mobile': '?0', 'Accept': '*/*', 'Sec-Gpc': '1', 'Accept-Language': 'nl-NL,nl;q=0.7', 'Origin': 'http://localhost:3000', 'Sec-Fetch-Site': 'same-site', 'Sec-Fetch-Mode': 'cors', 'Sec-Fetch-Dest': 'empty', 'Referer': 'http://localhost:3000/', 'Accept-Encoding': 'gzip, deflate, br, zstd'}
2026-03-16 14:03:04,660 - __main__ - INFO - Request Args: {'page': '1', 'per_page': '10', 'search': '', 'sort_field': 'deck_id', 'sort_direction': 'desc'}
2026-03-16 14:03:04,662 - __main__ - INFO - === REQUEST COMPLETE ===
2026-03-16 14:03:04,666 - werkzeug - INFO - 127.0.0.1 - - [16/Mar/2026 14:03:04] "[31m[1mGET /api/all-decks?page=1&per_page=10&search=&sort_field=deck_id&sort_direction=desc HTTP/1.1[0m" 400 -
2026-03-16 14:03:28,027 - __main__ - INFO - === NEW REQUEST ===
2026-03-16 14:03:28,029 - __main__ - INFO - Request URL: http://localhost:5000/api/all-decks?page=1&per_page=10&search=&sort_field=deck_id&sort_direction=desc
2026-03-16 14:03:28,030 - __main__ - INFO - === NEW REQUEST ===
2026-03-16 14:03:28,031 - __main__ - INFO - Request Path: /api/all-decks
2026-03-16 14:03:28,032 - __main__ - INFO - Request URL: http://localhost:5000/api/all-decks?page=1&per_page=10&search=&sort_field=deck_id&sort_direction=desc
2026-03-16 14:03:28,032 - __main__ - INFO - Request Method: OPTIONS
2026-03-16 14:03:28,033 - __main__ - INFO - Request Path: /api/all-decks
2026-03-16 14:03:28,034 - __main__ - INFO - Request Method: OPTIONS
2026-03-16 14:03:28,035 - __main__ - INFO - Request Headers: {'Host': 'localhost:5000', 'Connection': 'keep-alive', 'Accept': '*/*', 'Access-Control-Request-Method': 'GET', 'Access-Control-Request-Headers': 'content-type', 'Origin': 'http://localhost:3000', 'User-Agent': 'Mozilla/5.0 (Windows NT 10.0; Win64; x64) AppleWebKit/537.36 (KHTML, like Gecko) Chrome/145.0.0.0 Safari/537.36', 'Sec-Fetch-Mode': 'cors', 'Sec-Fetch-Site': 'same-site', 'Sec-Fetch-Dest': 'empty', 'Referer': 'http://localhost:3000/', 'Accept-Encoding': 'gzip, deflate, br, zstd', 'Accept-Language': 'nl-NL,nl;q=0.9,en-US;q=0.8,en;q=0.7'}
2026-03-16 14:03:28,033 - __main__ - INFO - Request Headers: {'Host': 'localhost:5000', 'Connection': 'keep-alive', 'Accept': '*/*', 'Access-Control-Request-Method': 'GET', 'Access-Control-Request-Headers': 'content-type', 'Origin': 'http://localhost:3000', 'User-Agent': 'Mozilla/5.0 (Windows NT 10.0; Win64; x64) AppleWebKit/537.36 (KHTML, like Gecko) Chrome/145.0.0.0 Safari/537.36', 'Sec-Fetch-Mode': 'cors', 'Sec-Fetch-Site': 'same-site', 'Sec-Fetch-Dest': 'empty', 'Referer': 'http://localhost:3000/', 'Accept-Encoding': 'gzip, deflate, br, zstd', 'Accept-Language': 'nl-NL,nl;q=0.9,en-US;q=0.8,en;q=0.7'}
2026-03-16 14:03:28,053 - __main__ - INFO - Request Args: {'page': '1', 'per_page': '10', 'search': '', 'sort_field': 'deck_id', 'sort_direction': 'desc'}
2026-03-16 14:03:28,057 - __main__ - INFO - Request Args: {'page': '1', 'per_page': '10', 'search': '', 'sort_field': 'deck_id', 'sort_direction': 'desc'}
2026-03-16 14:03:28,059 - __main__ - INFO - Response Status: 200
2026-03-16 14:03:28,061 - __main__ - INFO - Response Status: 200
2026-03-16 14:03:28,061 - __main__ - INFO - Response Duration: 0.001s
2026-03-16 14:03:28,062 - __main__ - INFO - Response Duration: 0.000s
2026-03-16 14:03:28,062 - __main__ - INFO - === REQUEST COMPLETE ===
2026-03-16 14:03:28,063 - __main__ - INFO - === REQUEST COMPLETE ===
2026-03-16 14:03:28,064 - werkzeug - INFO - 127.0.0.1 - - [16/Mar/2026 14:03:28] "OPTIONS /api/all-decks?page=1&per_page=10&search=&sort_field=deck_id&sort_direction=desc HTTP/1.1" 200 -
2026-03-16 14:03:28,066 - werkzeug - INFO - 127.0.0.1 - - [16/Mar/2026 14:03:28] "OPTIONS /api/all-decks?page=1&per_page=10&search=&sort_field=deck_id&sort_direction=desc HTTP/1.1" 200 -
2026-03-16 14:03:28,243 - __main__ - INFO - === NEW REQUEST ===
2026-03-16 14:03:28,244 - __main__ - INFO - Request URL: http://localhost:5000/api/all-decks?page=1&per_page=10&search=&sort_field=deck_id&sort_direction=desc
2026-03-16 14:03:28,246 - __main__ - INFO - Request Path: /api/all-decks
2026-03-16 14:03:28,246 - __main__ - INFO - Request Method: GET
2026-03-16 14:03:28,247 - __main__ - INFO - Request Headers: {'Host': 'localhost:5000', 'Connection': 'keep-alive', 'Sec-Ch-Ua-Platform': '"Windows"', 'User-Agent': 'Mozilla/5.0 (Windows NT 10.0; Win64; x64) AppleWebKit/537.36 (KHTML, like Gecko) Chrome/145.0.0.0 Safari/537.36', 'Sec-Ch-Ua': '"Not:A-Brand";v="99", "Brave";v="145", "Chromium";v="145"', 'Content-Type': 'application/json', 'Sec-Ch-Ua-Mobile': '?0', 'Accept': '*/*', 'Sec-Gpc': '1', 'Accept-Language': 'nl-NL,nl;q=0.7', 'Origin': 'http://localhost:3000', 'Sec-Fetch-Site': 'same-site', 'Sec-Fetch-Mode': 'cors', 'Sec-Fetch-Dest': 'empty', 'Referer': 'http://localhost:3000/', 'Accept-Encoding': 'gzip, deflate, br, zstd'}
2026-03-16 14:03:28,248 - __main__ - INFO - Request Args: {'page': '1', 'per_page': '10', 'search': '', 'sort_field': 'deck_id', 'sort_direction': 'desc'}
2026-03-16 14:03:28,251 - __main__ - INFO - === REQUEST COMPLETE ===
2026-03-16 14:03:28,264 - werkzeug - INFO - 127.0.0.1 - - [16/Mar/2026 14:03:28] "[31m[1mGET /api/all-decks?page=1&per_page=10&search=&sort_field=deck_id&sort_direction=desc HTTP/1.1[0m" 400 -
2026-03-16 14:03:28,391 - __main__ - INFO - === NEW REQUEST ===
2026-03-16 14:03:28,409 - __main__ - INFO - Request URL: http://localhost:5000/api/all-decks?page=1&per_page=10&search=&sort_field=deck_id&sort_direction=desc
2026-03-16 14:03:28,412 - __main__ - INFO - Request Path: /api/all-decks
2026-03-16 14:03:28,413 - __main__ - INFO - Request Method: GET
2026-03-16 14:03:28,413 - __main__ - INFO - Request Headers: {'Host': 'localhost:5000', 'Connection': 'keep-alive', 'Sec-Ch-Ua-Platform': '"Windows"', 'User-Agent': 'Mozilla/5.0 (Windows NT 10.0; Win64; x64) AppleWebKit/537.36 (KHTML, like Gecko) Chrome/145.0.0.0 Safari/537.36', 'Sec-Ch-Ua': '"Not:A-Brand";v="99", "Brave";v="145", "Chromium";v="145"', 'Content-Type': 'application/json', 'Sec-Ch-Ua-Mobile': '?0', 'Accept': '*/*', 'Sec-Gpc': '1', 'Accept-Language': 'nl-NL,nl;q=0.7', 'Origin': 'http://localhost:3000', 'Sec-Fetch-Site': 'same-site', 'Sec-Fetch-Mode': 'cors', 'Sec-Fetch-Dest': 'empty', 'Referer': 'http://localhost:3000/', 'Accept-Encoding': 'gzip, deflate, br, zstd'}
2026-03-16 14:03:28,414 - __main__ - INFO - Request Args: {'page': '1', 'per_page': '10', 'search': '', 'sort_field': 'deck_id', 'sort_direction': 'desc'}
2026-03-16 14:03:28,415 - __main__ - INFO - === REQUEST COMPLETE ===
2026-03-16 14:03:28,416 - werkzeug - INFO - 127.0.0.1 - - [16/Mar/2026 14:03:28] "[31m[1mGET /api/all-decks?page=1&per_page=10&search=&sort_field=deck_id&sort_direction=desc HTTP/1.1[0m" 400 -
2026-03-16 14:03:28,613 - __main__ - INFO - === NEW REQUEST ===
2026-03-16 14:03:28,614 - __main__ - INFO - Request URL: http://localhost:5000/api/all-decks?page=1&per_page=10&search=&sort_field=deck_id&sort_direction=desc
2026-03-16 14:03:28,614 - __main__ - INFO - Request Path: /api/all-decks
2026-03-16 14:03:28,614 - __main__ - INFO - Request Method: GET
2026-03-16 14:03:28,615 - __main__ - INFO - Request Headers: {'Host': 'localhost:5000', 'Connection': 'keep-alive', 'Sec-Ch-Ua-Platform': '"Windows"', 'User-Agent': 'Mozilla/5.0 (Windows NT 10.0; Win64; x64) AppleWebKit/537.36 (KHTML, like Gecko) Chrome/145.0.0.0 Safari/537.36', 'Sec-Ch-Ua': '"Not:A-Brand";v="99", "Brave";v="145", "Chromium";v="145"', 'Content-Type': 'application/json', 'Sec-Ch-Ua-Mobile': '?0', 'Accept': '*/*', 'Sec-Gpc': '1', 'Accept-Language': 'nl-NL,nl;q=0.7', 'Origin': 'http://localhost:3000', 'Sec-Fetch-Site': 'same-site', 'Sec-Fetch-Mode': 'cors', 'Sec-Fetch-Dest': 'empty', 'Referer': 'http://localhost:3000/', 'Accept-Encoding': 'gzip, deflate, br, zstd'}
2026-03-16 14:03:28,615 - __main__ - INFO - Request Args: {'page': '1', 'per_page': '10', 'search': '', 'sort_field': 'deck_id', 'sort_direction': 'desc'}
2026-03-16 14:03:28,616 - __main__ - INFO - === REQUEST COMPLETE ===
2026-03-16 14:03:28,617 - werkzeug - INFO - 127.0.0.1 - - [16/Mar/2026 14:03:28] "[31m[1mGET /api/all-decks?page=1&per_page=10&search=&sort_field=deck_id&sort_direction=desc HTTP/1.1[0m" 400 -
2026-03-16 14:03:46,857 - __main__ - INFO - === NEW REQUEST ===
2026-03-16 14:03:46,864 - __main__ - INFO - Request URL: http://localhost:5000/api/all-decks?page=1&per_page=10&search=&sort_field=deck_id&sort_direction=desc
2026-03-16 14:03:46,865 - __main__ - INFO - Request Path: /api/all-decks
2026-03-16 14:03:46,866 - __main__ - INFO - Request Method: OPTIONS
2026-03-16 14:03:46,867 - __main__ - INFO - Request Headers: {'Host': 'localhost:5000', 'Connection': 'keep-alive', 'Accept': '*/*', 'Access-Control-Request-Method': 'GET', 'Access-Control-Request-Headers': 'content-type', 'Origin': 'http://localhost:3000', 'User-Agent': 'Mozilla/5.0 (Windows NT 10.0; Win64; x64) AppleWebKit/537.36 (KHTML, like Gecko) Chrome/145.0.0.0 Safari/537.36', 'Sec-Fetch-Mode': 'cors', 'Sec-Fetch-Site': 'same-site', 'Sec-Fetch-Dest': 'empty', 'Referer': 'http://localhost:3000/', 'Accept-Encoding': 'gzip, deflate, br, zstd', 'Accept-Language': 'nl-NL,nl;q=0.9,en-US;q=0.8,en;q=0.7'}
2026-03-16 14:03:46,873 - __main__ - INFO - Request Args: {'page': '1', 'per_page': '10', 'search': '', 'sort_field': 'deck_id', 'sort_direction': 'desc'}
2026-03-16 14:03:46,881 - __main__ - INFO - Response Status: 200
2026-03-16 14:03:46,882 - __main__ - INFO - Response Duration: 0.004s
2026-03-16 14:03:46,882 - __main__ - INFO - === REQUEST COMPLETE ===
2026-03-16 14:03:46,888 - werkzeug - INFO - 127.0.0.1 - - [16/Mar/2026 14:03:46] "OPTIONS /api/all-decks?page=1&per_page=10&search=&sort_field=deck_id&sort_direction=desc HTTP/1.1" 200 -
2026-03-16 14:03:47,258 - __main__ - INFO - === NEW REQUEST ===
2026-03-16 14:03:47,259 - __main__ - INFO - === NEW REQUEST ===
2026-03-16 14:03:47,271 - __main__ - INFO - Request URL: http://localhost:5000/api/all-decks?page=1&per_page=10&search=&sort_field=deck_id&sort_direction=desc
2026-03-16 14:03:47,274 - __main__ - INFO - Request URL: http://localhost:5000/api/all-decks?page=1&per_page=10&search=&sort_field=deck_id&sort_direction=desc
2026-03-16 14:03:47,275 - __main__ - INFO - Request Path: /api/all-decks
2026-03-16 14:03:47,277 - __main__ - INFO - Request Path: /api/all-decks
2026-03-16 14:03:47,278 - __main__ - INFO - Request Method: GET
2026-03-16 14:03:47,288 - __main__ - INFO - Request Headers: {'Host': 'localhost:5000', 'Connection': 'keep-alive', 'Sec-Ch-Ua-Platform': '"Windows"', 'User-Agent': 'Mozilla/5.0 (Windows NT 10.0; Win64; x64) AppleWebKit/537.36 (KHTML, like Gecko) Chrome/145.0.0.0 Safari/537.36', 'Sec-Ch-Ua': '"Not:A-Brand";v="99", "Brave";v="145", "Chromium";v="145"', 'Content-Type': 'application/json', 'Sec-Ch-Ua-Mobile': '?0', 'Accept': '*/*', 'Sec-Gpc': '1', 'Accept-Language': 'nl-NL,nl;q=0.7', 'Origin': 'http://localhost:3000', 'Sec-Fetch-Site': 'same-site', 'Sec-Fetch-Mode': 'cors', 'Sec-Fetch-Dest': 'empty', 'Referer': 'http://localhost:3000/', 'Accept-Encoding': 'gzip, deflate, br, zstd'}
2026-03-16 14:03:47,283 - __main__ - INFO - Request Method: OPTIONS
2026-03-16 14:03:47,290 - __main__ - INFO - Request Args: {'page': '1', 'per_page': '10', 'search': '', 'sort_field': 'deck_id', 'sort_direction': 'desc'}
2026-03-16 14:03:47,291 - __main__ - INFO - Request Headers: {'Host': 'localhost:5000', 'Connection': 'keep-alive', 'Accept': '*/*', 'Access-Control-Request-Method': 'GET', 'Access-Control-Request-Headers': 'content-type', 'Origin': 'http://localhost:3000', 'User-Agent': 'Mozilla/5.0 (Windows NT 10.0; Win64; x64) AppleWebKit/537.36 (KHTML, like Gecko) Chrome/145.0.0.0 Safari/537.36', 'Sec-Fetch-Mode': 'cors', 'Sec-Fetch-Site': 'same-site', 'Sec-Fetch-Dest': 'empty', 'Referer': 'http://localhost:3000/', 'Accept-Encoding': 'gzip, deflate, br, zstd', 'Accept-Language': 'nl-NL,nl;q=0.9,en-US;q=0.8,en;q=0.7'}
2026-03-16 14:03:47,296 - __main__ - INFO - === REQUEST COMPLETE ===
2026-03-16 14:03:47,297 - __main__ - INFO - Request Args: {'page': '1', 'per_page': '10', 'search': '', 'sort_field': 'deck_id', 'sort_direction': 'desc'}
2026-03-16 14:03:47,299 - werkzeug - INFO - 127.0.0.1 - - [16/Mar/2026 14:03:47] "[31m[1mGET /api/all-decks?page=1&per_page=10&search=&sort_field=deck_id&sort_direction=desc HTTP/1.1[0m" 400 -
2026-03-16 14:03:47,305 - __main__ - INFO - Response Status: 200
2026-03-16 14:03:47,308 - __main__ - INFO - Response Duration: 0.005s
2026-03-16 14:03:47,309 - __main__ - INFO - === REQUEST COMPLETE ===
2026-03-16 14:03:47,315 - werkzeug - INFO - 127.0.0.1 - - [16/Mar/2026 14:03:47] "OPTIONS /api/all-decks?page=1&per_page=10&search=&sort_field=deck_id&sort_direction=desc HTTP/1.1" 200 -
2026-03-16 14:03:47,647 - __main__ - INFO - === NEW REQUEST ===
2026-03-16 14:03:47,649 - __main__ - INFO - Request URL: http://localhost:5000/api/all-decks?page=1&per_page=10&search=&sort_field=deck_id&sort_direction=desc
2026-03-16 14:03:47,653 - __main__ - INFO - Request Path: /api/all-decks
2026-03-16 14:03:47,657 - __main__ - INFO - Request Method: GET
2026-03-16 14:03:47,659 - __main__ - INFO - Request Headers: {'Host': 'localhost:5000', 'Connection': 'keep-alive', 'Sec-Ch-Ua-Platform': '"Windows"', 'User-Agent': 'Mozilla/5.0 (Windows NT 10.0; Win64; x64) AppleWebKit/537.36 (KHTML, like Gecko) Chrome/145.0.0.0 Safari/537.36', 'Sec-Ch-Ua': '"Not:A-Brand";v="99", "Brave";v="145", "Chromium";v="145"', 'Content-Type': 'application/json', 'Sec-Ch-Ua-Mobile': '?0', 'Accept': '*/*', 'Sec-Gpc': '1', 'Accept-Language': 'nl-NL,nl;q=0.7', 'Origin': 'http://localhost:3000', 'Sec-Fetch-Site': 'same-site', 'Sec-Fetch-Mode': 'cors', 'Sec-Fetch-Dest': 'empty', 'Referer': 'http://localhost:3000/', 'Accept-Encoding': 'gzip, deflate, br, zstd'}
2026-03-16 14:03:47,660 - __main__ - INFO - Request Args: {'page': '1', 'per_page': '10', 'search': '', 'sort_field': 'deck_id', 'sort_direction': 'desc'}
2026-03-16 14:03:47,663 - __main__ - INFO - === REQUEST COMPLETE ===
2026-03-16 14:03:47,665 - werkzeug - INFO - 127.0.0.1 - - [16/Mar/2026 14:03:47] "[31m[1mGET /api/all-decks?page=1&per_page=10&search=&sort_field=deck_id&sort_direction=desc HTTP/1.1[0m" 400 -
2026-03-16 14:03:47,892 - __main__ - INFO - === NEW REQUEST ===
2026-03-16 14:03:47,894 - __main__ - INFO - Request URL: http://localhost:5000/api/all-decks?page=1&per_page=10&search=&sort_field=deck_id&sort_direction=desc
2026-03-16 14:03:47,895 - __main__ - INFO - Request Path: /api/all-decks
2026-03-16 14:03:47,896 - __main__ - INFO - Request Method: GET
2026-03-16 14:03:47,898 - __main__ - INFO - Request Headers: {'Host': 'localhost:5000', 'Connection': 'keep-alive', 'Sec-Ch-Ua-Platform': '"Windows"', 'User-Agent': 'Mozilla/5.0 (Windows NT 10.0; Win64; x64) AppleWebKit/537.36 (KHTML, like Gecko) Chrome/145.0.0.0 Safari/537.36', 'Sec-Ch-Ua': '"Not:A-Brand";v="99", "Brave";v="145", "Chromium";v="145"', 'Content-Type': 'application/json', 'Sec-Ch-Ua-Mobile': '?0', 'Accept': '*/*', 'Sec-Gpc': '1', 'Accept-Language': 'nl-NL,nl;q=0.7', 'Origin': 'http://localhost:3000', 'Sec-Fetch-Site': 'same-site', 'Sec-Fetch-Mode': 'cors', 'Sec-Fetch-Dest': 'empty', 'Referer': 'http://localhost:3000/', 'Accept-Encoding': 'gzip, deflate, br, zstd'}
2026-03-16 14:03:47,900 - __main__ - INFO - Request Args: {'page': '1', 'per_page': '10', 'search': '', 'sort_field': 'deck_id', 'sort_direction': 'desc'}
2026-03-16 14:03:47,913 - __main__ - INFO - === REQUEST COMPLETE ===
2026-03-16 14:03:47,915 - werkzeug - INFO - 127.0.0.1 - - [16/Mar/2026 14:03:47] "[31m[1mGET /api/all-decks?page=1&per_page=10&search=&sort_field=deck_id&sort_direction=desc HTTP/1.1[0m" 400 -
2026-03-16 14:05:46,239 - __main__ - INFO - === NEW REQUEST ===
2026-03-16 14:05:46,256 - __main__ - INFO - Request URL: http://localhost:5000/api/all-decks?page=0&per_page=10&search=&sort_field=deck_id&sort_direction=desc
2026-03-16 14:05:46,276 - __main__ - INFO - Request Path: /api/all-decks
2026-03-16 14:05:46,275 - __main__ - INFO - === NEW REQUEST ===
2026-03-16 14:05:46,288 - __main__ - INFO - Request Method: OPTIONS
2026-03-16 14:05:46,289 - __main__ - INFO - Request URL: http://localhost:5000/api/all-decks?page=0&per_page=10&search=&sort_field=deck_id&sort_direction=desc
2026-03-16 14:05:46,299 - __main__ - INFO - Request Headers: {'Host': 'localhost:5000', 'Connection': 'keep-alive', 'Accept': '*/*', 'Access-Control-Request-Method': 'GET', 'Access-Control-Request-Headers': 'content-type', 'Origin': 'http://localhost:3000', 'User-Agent': 'Mozilla/5.0 (Windows NT 10.0; Win64; x64) AppleWebKit/537.36 (KHTML, like Gecko) Chrome/145.0.0.0 Safari/537.36', 'Sec-Fetch-Mode': 'cors', 'Sec-Fetch-Site': 'same-site', 'Sec-Fetch-Dest': 'empty', 'Referer': 'http://localhost:3000/', 'Accept-Encoding': 'gzip, deflate, br, zstd', 'Accept-Language': 'nl-NL,nl;q=0.9,en-US;q=0.8,en;q=0.7'}
2026-03-16 14:05:46,304 - __main__ - INFO - Request Path: /api/all-decks
2026-03-16 14:05:46,305 - __main__ - INFO - Request Args: {'page': '0', 'per_page': '10', 'search': '', 'sort_field': 'deck_id', 'sort_direction': 'desc'}
2026-03-16 14:05:46,308 - __main__ - INFO - Request Method: OPTIONS
2026-03-16 14:05:46,309 - __main__ - INFO - Response Status: 200
2026-03-16 14:05:46,316 - __main__ - INFO - Request Headers: {'Host': 'localhost:5000', 'Connection': 'keep-alive', 'Accept': '*/*', 'Access-Control-Request-Method': 'GET', 'Access-Control-Request-Headers': 'content-type', 'Origin': 'http://localhost:3000', 'User-Agent': 'Mozilla/5.0 (Windows NT 10.0; Win64; x64) AppleWebKit/537.36 (KHTML, like Gecko) Chrome/145.0.0.0 Safari/537.36', 'Sec-Fetch-Mode': 'cors', 'Sec-Fetch-Site': 'same-site', 'Sec-Fetch-Dest': 'empty', 'Referer': 'http://localhost:3000/', 'Accept-Encoding': 'gzip, deflate, br, zstd', 'Accept-Language': 'nl-NL,nl;q=0.9,en-US;q=0.8,en;q=0.7'}
2026-03-16 14:05:46,320 - __main__ - INFO - Response Duration: 0.000s
2026-03-16 14:05:46,325 - __main__ - INFO - Request Args: {'page': '0', 'per_page': '10', 'search': '', 'sort_field': 'deck_id', 'sort_direction': 'desc'}
2026-03-16 14:05:46,334 - __main__ - INFO - === REQUEST COMPLETE ===
2026-03-16 14:05:46,340 - __main__ - INFO - Response Status: 200
2026-03-16 14:05:46,341 - werkzeug - INFO - 127.0.0.1 - - [16/Mar/2026 14:05:46] "OPTIONS /api/all-decks?page=0&per_page=10&search=&sort_field=deck_id&sort_direction=desc HTTP/1.1" 200 -
2026-03-16 14:05:46,344 - __main__ - INFO - Response Duration: 0.000s
2026-03-16 14:05:46,371 - __main__ - INFO - === REQUEST COMPLETE ===
2026-03-16 14:05:46,387 - werkzeug - INFO - 127.0.0.1 - - [16/Mar/2026 14:05:46] "OPTIONS /api/all-decks?page=0&per_page=10&search=&sort_field=deck_id&sort_direction=desc HTTP/1.1" 200 -
2026-03-16 14:05:46,498 - __main__ - INFO - === NEW REQUEST ===
2026-03-16 14:05:46,505 - __main__ - INFO - Request URL: http://localhost:5000/api/all-decks?page=0&per_page=10&search=&sort_field=deck_id&sort_direction=desc
2026-03-16 14:05:46,511 - __main__ - INFO - Request Path: /api/all-decks
2026-03-16 14:05:46,521 - __main__ - INFO - Request Method: GET
2026-03-16 14:05:46,526 - __main__ - INFO - Request Headers: {'Host': 'localhost:5000', 'Connection': 'keep-alive', 'Sec-Ch-Ua-Platform': '"Windows"', 'User-Agent': 'Mozilla/5.0 (Windows NT 10.0; Win64; x64) AppleWebKit/537.36 (KHTML, like Gecko) Chrome/145.0.0.0 Safari/537.36', 'Sec-Ch-Ua': '"Not:A-Brand";v="99", "Brave";v="145", "Chromium";v="145"', 'Content-Type': 'application/json', 'Sec-Ch-Ua-Mobile': '?0', 'Accept': '*/*', 'Sec-Gpc': '1', 'Accept-Language': 'nl-NL,nl;q=0.7', 'Origin': 'http://localhost:3000', 'Sec-Fetch-Site': 'same-site', 'Sec-Fetch-Mode': 'cors', 'Sec-Fetch-Dest': 'empty', 'Referer': 'http://localhost:3000/', 'Accept-Encoding': 'gzip, deflate, br, zstd'}
2026-03-16 14:05:46,537 - __main__ - INFO - Request Args: {'page': '0', 'per_page': '10', 'search': '', 'sort_field': 'deck_id', 'sort_direction': 'desc'}
2026-03-16 14:05:46,542 - __main__ - INFO - === REQUEST COMPLETE ===
2026-03-16 14:05:46,543 - werkzeug - INFO - 127.0.0.1 - - [16/Mar/2026 14:05:46] "[31m[1mGET /api/all-decks?page=0&per_page=10&search=&sort_field=deck_id&sort_direction=desc HTTP/1.1[0m" 400 -
2026-03-16 14:05:46,682 - __main__ - INFO - === NEW REQUEST ===
2026-03-16 14:05:46,683 - __main__ - INFO - Request URL: http://localhost:5000/api/all-decks?page=0&per_page=10&search=&sort_field=deck_id&sort_direction=desc
2026-03-16 14:05:46,684 - __main__ - INFO - Request Path: /api/all-decks
2026-03-16 14:05:46,685 - __main__ - INFO - Request Method: GET
2026-03-16 14:05:46,685 - __main__ - INFO - Request Headers: {'Host': 'localhost:5000', 'Connection': 'keep-alive', 'Sec-Ch-Ua-Platform': '"Windows"', 'User-Agent': 'Mozilla/5.0 (Windows NT 10.0; Win64; x64) AppleWebKit/537.36 (KHTML, like Gecko) Chrome/145.0.0.0 Safari/537.36', 'Sec-Ch-Ua': '"Not:A-Brand";v="99", "Brave";v="145", "Chromium";v="145"', 'Content-Type': 'application/json', 'Sec-Ch-Ua-Mobile': '?0', 'Accept': '*/*', 'Sec-Gpc': '1', 'Accept-Language': 'nl-NL,nl;q=0.7', 'Origin': 'http://localhost:3000', 'Sec-Fetch-Site': 'same-site', 'Sec-Fetch-Mode': 'cors', 'Sec-Fetch-Dest': 'empty', 'Referer': 'http://localhost:3000/', 'Accept-Encoding': 'gzip, deflate, br, zstd'}
2026-03-16 14:05:46,687 - __main__ - INFO - Request Args: {'page': '0', 'per_page': '10', 'search': '', 'sort_field': 'deck_id', 'sort_direction': 'desc'}
2026-03-16 14:05:46,688 - __main__ - INFO - === REQUEST COMPLETE ===
2026-03-16 14:05:46,689 - werkzeug - INFO - 127.0.0.1 - - [16/Mar/2026 14:05:46] "[31m[1mGET /api/all-decks?page=0&per_page=10&search=&sort_field=deck_id&sort_direction=desc HTTP/1.1[0m" 400 -
2026-03-16 14:05:46,863 - __main__ - INFO - === NEW REQUEST ===
2026-03-16 14:05:46,864 - __main__ - INFO - Request URL: http://localhost:5000/api/all-decks?page=0&per_page=10&search=&sort_field=deck_id&sort_direction=desc
2026-03-16 14:05:46,864 - __main__ - INFO - Request Path: /api/all-decks
2026-03-16 14:05:46,865 - __main__ - INFO - Request Method: GET
2026-03-16 14:05:46,865 - __main__ - INFO - Request Headers: {'Host': 'localhost:5000', 'Connection': 'keep-alive', 'Sec-Ch-Ua-Platform': '"Windows"', 'User-Agent': 'Mozilla/5.0 (Windows NT 10.0; Win64; x64) AppleWebKit/537.36 (KHTML, like Gecko) Chrome/145.0.0.0 Safari/537.36', 'Sec-Ch-Ua': '"Not:A-Brand";v="99", "Brave";v="145", "Chromium";v="145"', 'Content-Type': 'application/json', 'Sec-Ch-Ua-Mobile': '?0', 'Accept': '*/*', 'Sec-Gpc': '1', 'Accept-Language': 'nl-NL,nl;q=0.7', 'Origin': 'http://localhost:3000', 'Sec-Fetch-Site': 'same-site', 'Sec-Fetch-Mode': 'cors', 'Sec-Fetch-Dest': 'empty', 'Referer': 'http://localhost:3000/', 'Accept-Encoding': 'gzip, deflate, br, zstd'}
2026-03-16 14:05:46,865 - __main__ - INFO - Request Args: {'page': '0', 'per_page': '10', 'search': '', 'sort_field': 'deck_id', 'sort_direction': 'desc'}
2026-03-16 14:05:46,866 - __main__ - INFO - === REQUEST COMPLETE ===
2026-03-16 14:05:46,867 - werkzeug - INFO - 127.0.0.1 - - [16/Mar/2026 14:05:46] "[31m[1mGET /api/all-decks?page=0&per_page=10&search=&sort_field=deck_id&sort_direction=desc HTTP/1.1[0m" 400 -
2026-03-16 14:05:51,423 - __main__ - INFO - === NEW REQUEST ===
2026-03-16 14:05:51,424 - __main__ - INFO - Request URL: http://localhost:5000/api/all-decks?page=0&per_page=10&search=&sort_field=deck_id&sort_direction=desc
2026-03-16 14:05:51,425 - __main__ - INFO - Request Path: /api/all-decks
2026-03-16 14:05:51,426 - __main__ - INFO - Request Method: GET
2026-03-16 14:05:51,428 - __main__ - INFO - Request Headers: {'Host': 'localhost:5000', 'Connection': 'keep-alive', 'Sec-Ch-Ua': '"Not:A-Brand";v="99", "Brave";v="145", "Chromium";v="145"', 'Sec-Ch-Ua-Mobile': '?0', 'Sec-Ch-Ua-Platform': '"Windows"', 'Upgrade-Insecure-Requests': '1', 'User-Agent': 'Mozilla/5.0 (Windows NT 10.0; Win64; x64) AppleWebKit/537.36 (KHTML, like Gecko) Chrome/145.0.0.0 Safari/537.36', 'Accept': 'text/html,application/xhtml+xml,application/xml;q=0.9,image/avif,image/webp,image/apng,*/*;q=0.8', 'Sec-Gpc': '1', 'Accept-Language': 'nl-NL,nl;q=0.7', 'Sec-Fetch-Site': 'none', 'Sec-Fetch-Mode': 'navigate', 'Sec-Fetch-User': '?1', 'Sec-Fetch-Dest': 'document', 'Accept-Encoding': 'gzip, deflate, br, zstd'}
2026-03-16 14:05:51,429 - __main__ - INFO - Request Args: {'page': '0', 'per_page': '10', 'search': '', 'sort_field': 'deck_id', 'sort_direction': 'desc'}
2026-03-16 14:05:51,445 - __main__ - INFO - Response Status: 200
2026-03-16 14:05:51,446 - __main__ - INFO - Response Duration: 0.015s
2026-03-16 14:05:51,447 - __main__ - INFO - === REQUEST COMPLETE ===
2026-03-16 14:05:51,454 - werkzeug - INFO - 127.0.0.1 - - [16/Mar/2026 14:05:51] "GET /api/all-decks?page=0&per_page=10&search=&sort_field=deck_id&sort_direction=desc HTTP/1.1" 200 -
2026-03-16 14:05:51,768 - __main__ - INFO - === NEW REQUEST ===
2026-03-16 14:05:51,771 - __main__ - INFO - Request URL: http://localhost:5000/favicon.ico
2026-03-16 14:05:51,773 - __main__ - INFO - Request Path: /favicon.ico
2026-03-16 14:05:51,773 - __main__ - INFO - Request Method: GET
2026-03-16 14:05:51,775 - __main__ - INFO - Request Headers: {'Host': 'localhost:5000', 'Connection': 'keep-alive', 'Sec-Ch-Ua-Platform': '"Windows"', 'User-Agent': 'Mozilla/5.0 (Windows NT 10.0; Win64; x64) AppleWebKit/537.36 (KHTML, like Gecko) Chrome/145.0.0.0 Safari/537.36', 'Sec-Ch-Ua': '"Not:A-Brand";v="99", "Brave";v="145", "Chromium";v="145"', 'Sec-Ch-Ua-Mobile': '?0', 'Accept': 'image/avif,image/webp,image/apng,image/svg+xml,image/*,*/*;q=0.8', 'Sec-Gpc': '1', 'Accept-Language': 'nl-NL,nl;q=0.7', 'Sec-Fetch-Site': 'same-origin', 'Sec-Fetch-Mode': 'no-cors', 'Sec-Fetch-Dest': 'image', 'Referer': 'http://localhost:5000/api/all-decks?page=0&per_page=10&search=&sort_field=deck_id&sort_direction=desc', 'Accept-Encoding': 'gzip, deflate, br, zstd'}
2026-03-16 14:05:51,776 - __main__ - INFO - Request Args: {}
2026-03-16 14:05:51,779 - __main__ - ERROR - 404 Error - Path not found: /favicon.ico
2026-03-16 14:05:51,780 - __main__ - ERROR - Available routes:
2026-03-16 14:05:51,780 - __main__ - ERROR -   /<path:filename> -> static ['HEAD', 'GET', 'OPTIONS']
2026-03-16 14:05:51,781 - __main__ - ERROR -   /api/register -> auth.register ['POST', 'OPTIONS']
2026-03-16 14:05:51,784 - __main__ - ERROR -   /api/login -> auth.login ['POST', 'OPTIONS']
2026-03-16 14:05:51,784 - __main__ - ERROR -   /api/createDeck -> deck.create_deck ['POST', 'OPTIONS']
2026-03-16 14:05:51,786 - __main__ - ERROR -   /api/decks -> deck.get_decks ['POST', 'OPTIONS']
2026-03-16 14:05:51,794 - __main__ - ERROR -   /api/decks/<int:deck_id>/cards -> deck.get_deck_cards ['HEAD', 'GET', 'OPTIONS']
2026-03-16 14:05:51,795 - __main__ - ERROR -   /api/decks/<int:deck_id>/ride-deck -> deck.get_ride_deck ['HEAD', 'GET', 'OPTIONS']
2026-03-16 14:05:51,796 - __main__ - ERROR -   /api/decks/<int:deck_id> -> deck.delete_deck ['DELETE', 'OPTIONS']
2026-03-16 14:05:51,797 - __main__ - ERROR -   /api/decks/<int:deck_id>/cost -> deck.get_deck_cost ['HEAD', 'GET', 'OPTIONS']
2026-03-16 14:05:51,797 - __main__ - ERROR -   /api/all-decks -> deck.get_all_decks ['HEAD', 'GET', 'OPTIONS']
2026-03-16 14:05:51,798 - __main__ - ERROR -   /api/data -> card.get_data ['POST', 'OPTIONS']
2026-03-16 14:05:51,804 - __main__ - ERROR -   /api/search -> card.search ['POST', 'OPTIONS']
2026-03-16 14:05:51,805 - __main__ - ERROR -   /api/sets -> card.get_sets ['HEAD', 'GET', 'OPTIONS']
2026-03-16 14:05:51,805 - __main__ - ERROR -   /api/createTournament -> tournament.create_tournament ['POST', 'OPTIONS']
2026-03-16 14:05:51,807 - __main__ - ERROR -   /api/tournaments -> tournament.get_tournaments ['POST', 'OPTIONS']
2026-03-16 14:05:51,808 - __main__ - ERROR -   /api/saveTournamentDetails -> tournament.save_tournament_details_route ['POST', 'OPTIONS']
2026-03-16 14:05:51,809 - __main__ - ERROR -   /api/tournamentDetails -> tournament.get_tournament_details ['POST', 'OPTIONS']
2026-03-16 14:05:51,810 - __main__ - ERROR -   /api/tournaments/<int:tournament_id> -> tournament.delete_tournament ['DELETE', 'OPTIONS']
2026-03-16 14:05:51,811 - __main__ - ERROR -   /api/hello -> misc.hello ['HEAD', 'GET', 'OPTIONS']
2026-03-16 14:05:51,811 - __main__ - ERROR -   /api/health -> misc.health_check ['HEAD', 'GET', 'OPTIONS']
2026-03-16 14:05:51,812 - __main__ - ERROR -   /api/rules/ask -> rules.ask_rules_question ['POST', 'HEAD', 'GET', 'OPTIONS']
2026-03-16 14:05:51,812 - __main__ - ERROR -   /api/rules/health -> rules.rules_health_check ['HEAD', 'GET', 'OPTIONS']
2026-03-16 14:05:51,813 - __main__ - ERROR -   /api/debug/routes -> list_routes ['HEAD', 'GET', 'OPTIONS']
2026-03-16 14:05:51,819 - __main__ - ERROR -   / -> serve_frontend ['HEAD', 'GET', 'OPTIONS']
2026-03-16 14:05:51,820 - __main__ - ERROR -   /<path:path> -> serve_static_files ['HEAD', 'GET', 'OPTIONS']
2026-03-16 14:05:51,821 - __main__ - INFO - Response Status: 404
2026-03-16 14:05:51,821 - __main__ - INFO - Response Duration: 0.042s
2026-03-16 14:05:51,822 - __main__ - INFO - === REQUEST COMPLETE ===
2026-03-16 14:05:51,823 - werkzeug - INFO - 127.0.0.1 - - [16/Mar/2026 14:05:51] "[33mGET /favicon.ico HTTP/1.1[0m" 404 -
2026-03-16 14:10:54,242 - __main__ - INFO - === NEW REQUEST ===
2026-03-16 14:10:54,245 - __main__ - INFO - Request URL: http://localhost:5000/api/all-decks?page=0&per_page=10&search=&sort_field=deck_id&sort_direction=desc
2026-03-16 14:10:54,246 - __main__ - INFO - Request Path: /api/all-decks
2026-03-16 14:10:54,247 - __main__ - INFO - Request Method: OPTIONS
2026-03-16 14:10:54,247 - __main__ - INFO - Request Headers: {'Host': 'localhost:5000', 'Connection': 'keep-alive', 'Accept': '*/*', 'Access-Control-Request-Method': 'GET', 'Access-Control-Request-Headers': 'content-type', 'Origin': 'http://localhost:3000', 'User-Agent': 'Mozilla/5.0 (Windows NT 10.0; Win64; x64) AppleWebKit/537.36 (KHTML, like Gecko) Chrome/145.0.0.0 Safari/537.36', 'Sec-Fetch-Mode': 'cors', 'Sec-Fetch-Site': 'same-site', 'Sec-Fetch-Dest': 'empty', 'Referer': 'http://localhost:3000/', 'Accept-Encoding': 'gzip, deflate, br, zstd', 'Accept-Language': 'nl-NL,nl;q=0.9,en-US;q=0.8,en;q=0.7'}
2026-03-16 14:10:54,249 - __main__ - INFO - Request Args: {'page': '0', 'per_page': '10', 'search': '', 'sort_field': 'deck_id', 'sort_direction': 'desc'}
2026-03-16 14:10:54,250 - __main__ - INFO - Response Status: 200
2026-03-16 14:10:54,251 - __main__ - INFO - Response Duration: 0.001s
2026-03-16 14:10:54,252 - __main__ - INFO - === REQUEST COMPLETE ===
2026-03-16 14:10:54,253 - werkzeug - INFO - 127.0.0.1 - - [16/Mar/2026 14:10:54] "OPTIONS /api/all-decks?page=0&per_page=10&search=&sort_field=deck_id&sort_direction=desc HTTP/1.1" 200 -
2026-03-16 14:10:54,497 - __main__ - INFO - === NEW REQUEST ===
2026-03-16 14:10:54,498 - __main__ - INFO - Request URL: http://localhost:5000/api/all-decks?page=0&per_page=10&search=&sort_field=deck_id&sort_direction=desc
2026-03-16 14:10:54,498 - __main__ - INFO - Request Path: /api/all-decks
2026-03-16 14:10:54,499 - __main__ - INFO - Request Method: GET
2026-03-16 14:10:54,499 - __main__ - INFO - Request Headers: {'Host': 'localhost:5000', 'Connection': 'keep-alive', 'Sec-Ch-Ua-Platform': '"Windows"', 'User-Agent': 'Mozilla/5.0 (Windows NT 10.0; Win64; x64) AppleWebKit/537.36 (KHTML, like Gecko) Chrome/145.0.0.0 Safari/537.36', 'Sec-Ch-Ua': '"Not:A-Brand";v="99", "Brave";v="145", "Chromium";v="145"', 'Content-Type': 'application/json', 'Sec-Ch-Ua-Mobile': '?0', 'Accept': '*/*', 'Sec-Gpc': '1', 'Accept-Language': 'nl-NL,nl;q=0.7', 'Origin': 'http://localhost:3000', 'Sec-Fetch-Site': 'same-site', 'Sec-Fetch-Mode': 'cors', 'Sec-Fetch-Dest': 'empty', 'Referer': 'http://localhost:3000/', 'Accept-Encoding': 'gzip, deflate, br, zstd'}
2026-03-16 14:10:54,500 - __main__ - INFO - Request Args: {'page': '0', 'per_page': '10', 'search': '', 'sort_field': 'deck_id', 'sort_direction': 'desc'}
2026-03-16 14:10:54,502 - __main__ - INFO - === REQUEST COMPLETE ===
2026-03-16 14:10:54,503 - werkzeug - INFO - 127.0.0.1 - - [16/Mar/2026 14:10:54] "[31m[1mGET /api/all-decks?page=0&per_page=10&search=&sort_field=deck_id&sort_direction=desc HTTP/1.1[0m" 400 -
2026-03-16 14:11:41,670 - __main__ - INFO - === NEW REQUEST ===
2026-03-16 14:11:41,671 - __main__ - INFO - Request URL: http://localhost:5000/api/all-decks?page=0&per_page=10&search=&sort_field=deck_id&sort_direction=desc
2026-03-16 14:11:41,671 - __main__ - INFO - Request Path: /api/all-decks
2026-03-16 14:11:41,671 - __main__ - INFO - Request Method: OPTIONS
2026-03-16 14:11:41,672 - __main__ - INFO - Request Headers: {'Host': 'localhost:5000', 'Connection': 'keep-alive', 'Accept': '*/*', 'Access-Control-Request-Method': 'GET', 'Access-Control-Request-Headers': 'content-type', 'Origin': 'http://localhost:3000', 'User-Agent': 'Mozilla/5.0 (Windows NT 10.0; Win64; x64) AppleWebKit/537.36 (KHTML, like Gecko) Chrome/145.0.0.0 Safari/537.36', 'Sec-Fetch-Mode': 'cors', 'Sec-Fetch-Site': 'same-site', 'Sec-Fetch-Dest': 'empty', 'Referer': 'http://localhost:3000/', 'Accept-Encoding': 'gzip, deflate, br, zstd', 'Accept-Language': 'nl-NL,nl;q=0.9,en-US;q=0.8,en;q=0.7'}
2026-03-16 14:11:41,672 - __main__ - INFO - Request Args: {'page': '0', 'per_page': '10', 'search': '', 'sort_field': 'deck_id', 'sort_direction': 'desc'}
2026-03-16 14:11:41,673 - __main__ - INFO - Response Status: 200
2026-03-16 14:11:41,674 - __main__ - INFO - Response Duration: 0.000s
2026-03-16 14:11:41,674 - __main__ - INFO - === REQUEST COMPLETE ===
2026-03-16 14:11:41,675 - werkzeug - INFO - 127.0.0.1 - - [16/Mar/2026 14:11:41] "OPTIONS /api/all-decks?page=0&per_page=10&search=&sort_field=deck_id&sort_direction=desc HTTP/1.1" 200 -
2026-03-16 14:11:41,986 - __main__ - INFO - === NEW REQUEST ===
2026-03-16 14:11:41,988 - __main__ - INFO - Request URL: http://localhost:5000/api/all-decks?page=0&per_page=10&search=&sort_field=deck_id&sort_direction=desc
2026-03-16 14:11:41,989 - __main__ - INFO - Request Path: /api/all-decks
2026-03-16 14:11:41,990 - __main__ - INFO - Request Method: GET
2026-03-16 14:11:41,991 - __main__ - INFO - Request Headers: {'Host': 'localhost:5000', 'Connection': 'keep-alive', 'Sec-Ch-Ua-Platform': '"Windows"', 'User-Agent': 'Mozilla/5.0 (Windows NT 10.0; Win64; x64) AppleWebKit/537.36 (KHTML, like Gecko) Chrome/145.0.0.0 Safari/537.36', 'Sec-Ch-Ua': '"Not:A-Brand";v="99", "Brave";v="145", "Chromium";v="145"', 'Content-Type': 'application/json', 'Sec-Ch-Ua-Mobile': '?0', 'Accept': '*/*', 'Sec-Gpc': '1', 'Accept-Language': 'nl-NL,nl;q=0.7', 'Origin': 'http://localhost:3000', 'Sec-Fetch-Site': 'same-site', 'Sec-Fetch-Mode': 'cors', 'Sec-Fetch-Dest': 'empty', 'Referer': 'http://localhost:3000/', 'Accept-Encoding': 'gzip, deflate, br, zstd'}
2026-03-16 14:11:41,992 - __main__ - INFO - Request Args: {'page': '0', 'per_page': '10', 'search': '', 'sort_field': 'deck_id', 'sort_direction': 'desc'}
2026-03-16 14:11:41,994 - __main__ - INFO - === REQUEST COMPLETE ===
2026-03-16 14:11:41,995 - werkzeug - INFO - 127.0.0.1 - - [16/Mar/2026 14:11:41] "[31m[1mGET /api/all-decks?page=0&per_page=10&search=&sort_field=deck_id&sort_direction=desc HTTP/1.1[0m" 400 -
2026-03-16 14:11:42,661 - __main__ - INFO - === NEW REQUEST ===
2026-03-16 14:11:42,663 - __main__ - INFO - Request URL: http://localhost:5000/api/all-decks?page=0&per_page=10&search=&sort_field=deck_id&sort_direction=desc
2026-03-16 14:11:42,664 - __main__ - INFO - Request Path: /api/all-decks
2026-03-16 14:11:42,666 - __main__ - INFO - Request Method: GET
2026-03-16 14:11:42,668 - __main__ - INFO - Request Headers: {'Host': 'localhost:5000', 'Connection': 'keep-alive', 'Sec-Ch-Ua-Platform': '"Windows"', 'User-Agent': 'Mozilla/5.0 (Windows NT 10.0; Win64; x64) AppleWebKit/537.36 (KHTML, like Gecko) Chrome/145.0.0.0 Safari/537.36', 'Sec-Ch-Ua': '"Not:A-Brand";v="99", "Brave";v="145", "Chromium";v="145"', 'Content-Type': 'application/json', 'Sec-Ch-Ua-Mobile': '?0', 'Accept': '*/*', 'Sec-Gpc': '1', 'Accept-Language': 'nl-NL,nl;q=0.7', 'Origin': 'http://localhost:3000', 'Sec-Fetch-Site': 'same-site', 'Sec-Fetch-Mode': 'cors', 'Sec-Fetch-Dest': 'empty', 'Referer': 'http://localhost:3000/', 'Accept-Encoding': 'gzip, deflate, br, zstd'}
2026-03-16 14:11:42,670 - __main__ - INFO - Request Args: {'page': '0', 'per_page': '10', 'search': '', 'sort_field': 'deck_id', 'sort_direction': 'desc'}
2026-03-16 14:11:42,674 - __main__ - INFO - === REQUEST COMPLETE ===
2026-03-16 14:11:42,676 - werkzeug - INFO - 127.0.0.1 - - [16/Mar/2026 14:11:42] "[31m[1mGET /api/all-decks?page=0&per_page=10&search=&sort_field=deck_id&sort_direction=desc HTTP/1.1[0m" 400 -
2026-03-16 14:11:55,725 - __main__ - INFO - === NEW REQUEST ===
2026-03-16 14:11:55,727 - __main__ - INFO - Request URL: http://localhost:5000/api/all-decks?page=0&per_page=10&search=&sort_field=deck_id&sort_direction=desc
2026-03-16 14:11:55,728 - __main__ - INFO - Request Path: /api/all-decks
2026-03-16 14:11:55,738 - __main__ - INFO - Request Method: OPTIONS
2026-03-16 14:11:55,740 - __main__ - INFO - Request Headers: {'Host': 'localhost:5000', 'Connection': 'keep-alive', 'Accept': '*/*', 'Access-Control-Request-Method': 'GET', 'Access-Control-Request-Headers': 'content-type', 'Origin': 'http://localhost:3000', 'User-Agent': 'Mozilla/5.0 (Windows NT 10.0; Win64; x64) AppleWebKit/537.36 (KHTML, like Gecko) Chrome/145.0.0.0 Safari/537.36', 'Sec-Fetch-Mode': 'cors', 'Sec-Fetch-Site': 'same-site', 'Sec-Fetch-Dest': 'empty', 'Referer': 'http://localhost:3000/', 'Accept-Encoding': 'gzip, deflate, br, zstd', 'Accept-Language': 'nl-NL,nl;q=0.9,en-US;q=0.8,en;q=0.7'}
2026-03-16 14:11:55,742 - __main__ - INFO - Request Args: {'page': '0', 'per_page': '10', 'search': '', 'sort_field': 'deck_id', 'sort_direction': 'desc'}
2026-03-16 14:11:55,745 - __main__ - INFO - Response Status: 200
2026-03-16 14:11:55,751 - __main__ - INFO - Response Duration: 0.001s
2026-03-16 14:11:55,753 - __main__ - INFO - === REQUEST COMPLETE ===
2026-03-16 14:11:55,757 - werkzeug - INFO - 127.0.0.1 - - [16/Mar/2026 14:11:55] "OPTIONS /api/all-decks?page=0&per_page=10&search=&sort_field=deck_id&sort_direction=desc HTTP/1.1" 200 -
2026-03-16 14:11:55,978 - __main__ - INFO - === NEW REQUEST ===
2026-03-16 14:11:55,984 - __main__ - INFO - Request URL: http://localhost:5000/api/all-decks?page=0&per_page=10&search=&sort_field=deck_id&sort_direction=desc
2026-03-16 14:11:55,986 - __main__ - INFO - Request Path: /api/all-decks
2026-03-16 14:11:55,987 - __main__ - INFO - Request Method: GET
2026-03-16 14:11:55,989 - __main__ - INFO - Request Headers: {'Host': 'localhost:5000', 'Connection': 'keep-alive', 'Sec-Ch-Ua-Platform': '"Windows"', 'User-Agent': 'Mozilla/5.0 (Windows NT 10.0; Win64; x64) AppleWebKit/537.36 (KHTML, like Gecko) Chrome/145.0.0.0 Safari/537.36', 'Sec-Ch-Ua': '"Not:A-Brand";v="99", "Brave";v="145", "Chromium";v="145"', 'Content-Type': 'application/json', 'Sec-Ch-Ua-Mobile': '?0', 'Accept': '*/*', 'Sec-Gpc': '1', 'Accept-Language': 'nl-NL,nl;q=0.7', 'Origin': 'http://localhost:3000', 'Sec-Fetch-Site': 'same-site', 'Sec-Fetch-Mode': 'cors', 'Sec-Fetch-Dest': 'empty', 'Referer': 'http://localhost:3000/', 'Accept-Encoding': 'gzip, deflate, br, zstd'}
2026-03-16 14:11:55,991 - __main__ - INFO - Request Args: {'page': '0', 'per_page': '10', 'search': '', 'sort_field': 'deck_id', 'sort_direction': 'desc'}
2026-03-16 14:11:55,993 - __main__ - INFO - === REQUEST COMPLETE ===
2026-03-16 14:11:55,996 - werkzeug - INFO - 127.0.0.1 - - [16/Mar/2026 14:11:55] "[31m[1mGET /api/all-decks?page=0&per_page=10&search=&sort_field=deck_id&sort_direction=desc HTTP/1.1[0m" 400 -
2026-03-16 14:12:01,288 - __main__ - INFO - === NEW REQUEST ===
2026-03-16 14:12:01,308 - __main__ - INFO - Request URL: http://localhost:5000/api/all-decks?page=0&per_page=10&search=&sort_field=deck_id&sort_direction=desc
2026-03-16 14:12:01,311 - __main__ - INFO - Request Path: /api/all-decks
2026-03-16 14:12:01,315 - __main__ - INFO - Request Method: OPTIONS
2026-03-16 14:12:01,340 - __main__ - INFO - Request Headers: {'Host': 'localhost:5000', 'Connection': 'keep-alive', 'Accept': '*/*', 'Access-Control-Request-Method': 'GET', 'Access-Control-Request-Headers': 'content-type', 'Origin': 'http://localhost:3000', 'User-Agent': 'Mozilla/5.0 (Windows NT 10.0; Win64; x64) AppleWebKit/537.36 (KHTML, like Gecko) Chrome/145.0.0.0 Safari/537.36', 'Sec-Fetch-Mode': 'cors', 'Sec-Fetch-Site': 'same-site', 'Sec-Fetch-Dest': 'empty', 'Referer': 'http://localhost:3000/', 'Accept-Encoding': 'gzip, deflate, br, zstd', 'Accept-Language': 'nl-NL,nl;q=0.9,en-US;q=0.8,en;q=0.7'}
2026-03-16 14:12:01,346 - __main__ - INFO - Request Args: {'page': '0', 'per_page': '10', 'search': '', 'sort_field': 'deck_id', 'sort_direction': 'desc'}
2026-03-16 14:12:01,373 - __main__ - INFO - Response Status: 200
2026-03-16 14:12:01,380 - __main__ - INFO - Response Duration: 0.000s
2026-03-16 14:12:01,396 - __main__ - INFO - === REQUEST COMPLETE ===
2026-03-16 14:12:01,410 - werkzeug - INFO - 127.0.0.1 - - [16/Mar/2026 14:12:01] "OPTIONS /api/all-decks?page=0&per_page=10&search=&sort_field=deck_id&sort_direction=desc HTTP/1.1" 200 -
2026-03-16 14:12:01,646 - __main__ - INFO - === NEW REQUEST ===
2026-03-16 14:12:01,647 - __main__ - INFO - Request URL: http://localhost:5000/api/all-decks?page=0&per_page=10&search=&sort_field=deck_id&sort_direction=desc
2026-03-16 14:12:01,647 - __main__ - INFO - Request Path: /api/all-decks
2026-03-16 14:12:01,647 - __main__ - INFO - Request Method: OPTIONS
2026-03-16 14:12:01,648 - __main__ - INFO - Request Headers: {'Host': 'localhost:5000', 'Connection': 'keep-alive', 'Accept': '*/*', 'Access-Control-Request-Method': 'GET', 'Access-Control-Request-Headers': 'content-type', 'Origin': 'http://localhost:3000', 'User-Agent': 'Mozilla/5.0 (Windows NT 10.0; Win64; x64) AppleWebKit/537.36 (KHTML, like Gecko) Chrome/145.0.0.0 Safari/537.36', 'Sec-Fetch-Mode': 'cors', 'Sec-Fetch-Site': 'same-site', 'Sec-Fetch-Dest': 'empty', 'Referer': 'http://localhost:3000/', 'Accept-Encoding': 'gzip, deflate, br, zstd', 'Accept-Language': 'nl-NL,nl;q=0.9,en-US;q=0.8,en;q=0.7'}
2026-03-16 14:12:01,648 - __main__ - INFO - Request Args: {'page': '0', 'per_page': '10', 'search': '', 'sort_field': 'deck_id', 'sort_direction': 'desc'}
2026-03-16 14:12:01,652 - __main__ - INFO - Response Status: 200
2026-03-16 14:12:01,655 - __main__ - INFO - Response Duration: 0.003s
2026-03-16 14:12:01,655 - __main__ - INFO - === REQUEST COMPLETE ===
2026-03-16 14:12:01,657 - werkzeug - INFO - 127.0.0.1 - - [16/Mar/2026 14:12:01] "OPTIONS /api/all-decks?page=0&per_page=10&search=&sort_field=deck_id&sort_direction=desc HTTP/1.1" 200 -
2026-03-16 14:12:01,749 - __main__ - INFO - === NEW REQUEST ===
2026-03-16 14:12:01,755 - __main__ - INFO - Request URL: http://localhost:5000/api/all-decks?page=0&per_page=10&search=&sort_field=deck_id&sort_direction=desc
2026-03-16 14:12:01,757 - __main__ - INFO - Request Path: /api/all-decks
2026-03-16 14:12:01,757 - __main__ - INFO - Request Method: GET
2026-03-16 14:12:01,759 - __main__ - INFO - Request Headers: {'Host': 'localhost:5000', 'Connection': 'keep-alive', 'Sec-Ch-Ua-Platform': '"Windows"', 'User-Agent': 'Mozilla/5.0 (Windows NT 10.0; Win64; x64) AppleWebKit/537.36 (KHTML, like Gecko) Chrome/145.0.0.0 Safari/537.36', 'Sec-Ch-Ua': '"Not:A-Brand";v="99", "Brave";v="145", "Chromium";v="145"', 'Content-Type': 'application/json', 'Sec-Ch-Ua-Mobile': '?0', 'Accept': '*/*', 'Sec-Gpc': '1', 'Accept-Language': 'nl-NL,nl;q=0.7', 'Origin': 'http://localhost:3000', 'Sec-Fetch-Site': 'same-site', 'Sec-Fetch-Mode': 'cors', 'Sec-Fetch-Dest': 'empty', 'Referer': 'http://localhost:3000/', 'Accept-Encoding': 'gzip, deflate, br, zstd'}
2026-03-16 14:12:01,762 - __main__ - INFO - Request Args: {'page': '0', 'per_page': '10', 'search': '', 'sort_field': 'deck_id', 'sort_direction': 'desc'}
2026-03-16 14:12:01,764 - __main__ - INFO - === REQUEST COMPLETE ===
2026-03-16 14:12:01,765 - werkzeug - INFO - 127.0.0.1 - - [16/Mar/2026 14:12:01] "[31m[1mGET /api/all-decks?page=0&per_page=10&search=&sort_field=deck_id&sort_direction=desc HTTP/1.1[0m" 400 -
2026-03-16 14:12:02,092 - __main__ - INFO - === NEW REQUEST ===
2026-03-16 14:12:02,093 - __main__ - INFO - Request URL: http://localhost:5000/api/all-decks?page=0&per_page=10&search=&sort_field=deck_id&sort_direction=desc
2026-03-16 14:12:02,094 - __main__ - INFO - Request Path: /api/all-decks
2026-03-16 14:12:02,095 - __main__ - INFO - Request Method: GET
2026-03-16 14:12:02,095 - __main__ - INFO - Request Headers: {'Host': 'localhost:5000', 'Connection': 'keep-alive', 'Sec-Ch-Ua-Platform': '"Windows"', 'User-Agent': 'Mozilla/5.0 (Windows NT 10.0; Win64; x64) AppleWebKit/537.36 (KHTML, like Gecko) Chrome/145.0.0.0 Safari/537.36', 'Sec-Ch-Ua': '"Not:A-Brand";v="99", "Brave";v="145", "Chromium";v="145"', 'Content-Type': 'application/json', 'Sec-Ch-Ua-Mobile': '?0', 'Accept': '*/*', 'Sec-Gpc': '1', 'Accept-Language': 'nl-NL,nl;q=0.7', 'Origin': 'http://localhost:3000', 'Sec-Fetch-Site': 'same-site', 'Sec-Fetch-Mode': 'cors', 'Sec-Fetch-Dest': 'empty', 'Referer': 'http://localhost:3000/', 'Accept-Encoding': 'gzip, deflate, br, zstd'}
2026-03-16 14:12:02,096 - __main__ - INFO - Request Args: {'page': '0', 'per_page': '10', 'search': '', 'sort_field': 'deck_id', 'sort_direction': 'desc'}
2026-03-16 14:12:02,097 - __main__ - INFO - === REQUEST COMPLETE ===
2026-03-16 14:12:02,098 - werkzeug - INFO - 127.0.0.1 - - [16/Mar/2026 14:12:02] "[31m[1mGET /api/all-decks?page=0&per_page=10&search=&sort_field=deck_id&sort_direction=desc HTTP/1.1[0m" 400 -
2026-03-16 14:12:02,357 - __main__ - INFO - === NEW REQUEST ===
2026-03-16 14:12:02,358 - __main__ - INFO - Request URL: http://localhost:5000/api/all-decks?page=0&per_page=10&search=&sort_field=deck_id&sort_direction=desc
2026-03-16 14:12:02,358 - __main__ - INFO - Request Path: /api/all-decks
2026-03-16 14:12:02,359 - __main__ - INFO - Request Method: GET
2026-03-16 14:12:02,360 - __main__ - INFO - Request Headers: {'Host': 'localhost:5000', 'Connection': 'keep-alive', 'Sec-Ch-Ua-Platform': '"Windows"', 'User-Agent': 'Mozilla/5.0 (Windows NT 10.0; Win64; x64) AppleWebKit/537.36 (KHTML, like Gecko) Chrome/145.0.0.0 Safari/537.36', 'Sec-Ch-Ua': '"Not:A-Brand";v="99", "Brave";v="145", "Chromium";v="145"', 'Content-Type': 'application/json', 'Sec-Ch-Ua-Mobile': '?0', 'Accept': '*/*', 'Sec-Gpc': '1', 'Accept-Language': 'nl-NL,nl;q=0.7', 'Origin': 'http://localhost:3000', 'Sec-Fetch-Site': 'same-site', 'Sec-Fetch-Mode': 'cors', 'Sec-Fetch-Dest': 'empty', 'Referer': 'http://localhost:3000/', 'Accept-Encoding': 'gzip, deflate, br, zstd'}
2026-03-16 14:12:02,360 - __main__ - INFO - Request Args: {'page': '0', 'per_page': '10', 'search': '', 'sort_field': 'deck_id', 'sort_direction': 'desc'}
2026-03-16 14:12:02,361 - __main__ - INFO - === REQUEST COMPLETE ===
2026-03-16 14:12:02,362 - werkzeug - INFO - 127.0.0.1 - - [16/Mar/2026 14:12:02] "[31m[1mGET /api/all-decks?page=0&per_page=10&search=&sort_field=deck_id&sort_direction=desc HTTP/1.1[0m" 400 -
2026-03-16 14:12:16,878 - __main__ - INFO - === NEW REQUEST ===
2026-03-16 14:12:16,886 - __main__ - INFO - Request URL: http://localhost:5000/api/all-decks?page=0&per_page=10&search=&sort_field=deck_id&sort_direction=desc
2026-03-16 14:12:16,892 - __main__ - INFO - Request Path: /api/all-decks
2026-03-16 14:12:16,899 - __main__ - INFO - Request Method: OPTIONS
2026-03-16 14:12:16,900 - __main__ - INFO - Request Headers: {'Host': 'localhost:5000', 'Connection': 'keep-alive', 'Accept': '*/*', 'Access-Control-Request-Method': 'GET', 'Access-Control-Request-Headers': 'content-type', 'Origin': 'http://localhost:3000', 'User-Agent': 'Mozilla/5.0 (Windows NT 10.0; Win64; x64) AppleWebKit/537.36 (KHTML, like Gecko) Chrome/145.0.0.0 Safari/537.36', 'Sec-Fetch-Mode': 'cors', 'Sec-Fetch-Site': 'same-site', 'Sec-Fetch-Dest': 'empty', 'Referer': 'http://localhost:3000/', 'Accept-Encoding': 'gzip, deflate, br, zstd', 'Accept-Language': 'nl-NL,nl;q=0.9,en-US;q=0.8,en;q=0.7'}
2026-03-16 14:12:16,901 - __main__ - INFO - Request Args: {'page': '0', 'per_page': '10', 'search': '', 'sort_field': 'deck_id', 'sort_direction': 'desc'}
2026-03-16 14:12:16,903 - __main__ - INFO - Response Status: 200
2026-03-16 14:12:16,903 - __main__ - INFO - Response Duration: 0.000s
2026-03-16 14:12:16,904 - __main__ - INFO - === REQUEST COMPLETE ===
2026-03-16 14:12:16,906 - werkzeug - INFO - 127.0.0.1 - - [16/Mar/2026 14:12:16] "OPTIONS /api/all-decks?page=0&per_page=10&search=&sort_field=deck_id&sort_direction=desc HTTP/1.1" 200 -
2026-03-16 14:12:17,242 - __main__ - INFO - === NEW REQUEST ===
2026-03-16 14:12:17,252 - __main__ - INFO - === NEW REQUEST ===
2026-03-16 14:12:17,253 - __main__ - INFO - Request URL: http://localhost:5000/api/all-decks?page=0&per_page=10&search=&sort_field=deck_id&sort_direction=desc
2026-03-16 14:12:17,254 - __main__ - INFO - Request URL: http://localhost:5000/api/all-decks?page=0&per_page=10&search=&sort_field=deck_id&sort_direction=desc
2026-03-16 14:12:17,255 - __main__ - INFO - Request Path: /api/all-decks
2026-03-16 14:12:17,255 - __main__ - INFO - Request Path: /api/all-decks
2026-03-16 14:12:17,255 - __main__ - INFO - Request Method: GET
2026-03-16 14:12:17,256 - __main__ - INFO - Request Method: OPTIONS
2026-03-16 14:12:17,256 - __main__ - INFO - Request Headers: {'Host': 'localhost:5000', 'Connection': 'keep-alive', 'Sec-Ch-Ua-Platform': '"Windows"', 'User-Agent': 'Mozilla/5.0 (Windows NT 10.0; Win64; x64) AppleWebKit/537.36 (KHTML, like Gecko) Chrome/145.0.0.0 Safari/537.36', 'Sec-Ch-Ua': '"Not:A-Brand";v="99", "Brave";v="145", "Chromium";v="145"', 'Content-Type': 'application/json', 'Sec-Ch-Ua-Mobile': '?0', 'Accept': '*/*', 'Sec-Gpc': '1', 'Accept-Language': 'nl-NL,nl;q=0.7', 'Origin': 'http://localhost:3000', 'Sec-Fetch-Site': 'same-site', 'Sec-Fetch-Mode': 'cors', 'Sec-Fetch-Dest': 'empty', 'Referer': 'http://localhost:3000/', 'Accept-Encoding': 'gzip, deflate, br, zstd'}
2026-03-16 14:12:17,257 - __main__ - INFO - Request Headers: {'Host': 'localhost:5000', 'Connection': 'keep-alive', 'Accept': '*/*', 'Access-Control-Request-Method': 'GET', 'Access-Control-Request-Headers': 'content-type', 'Origin': 'http://localhost:3000', 'User-Agent': 'Mozilla/5.0 (Windows NT 10.0; Win64; x64) AppleWebKit/537.36 (KHTML, like Gecko) Chrome/145.0.0.0 Safari/537.36', 'Sec-Fetch-Mode': 'cors', 'Sec-Fetch-Site': 'same-site', 'Sec-Fetch-Dest': 'empty', 'Referer': 'http://localhost:3000/', 'Accept-Encoding': 'gzip, deflate, br, zstd', 'Accept-Language': 'nl-NL,nl;q=0.9,en-US;q=0.8,en;q=0.7'}
2026-03-16 14:12:17,258 - __main__ - INFO - Request Args: {'page': '0', 'per_page': '10', 'search': '', 'sort_field': 'deck_id', 'sort_direction': 'desc'}
2026-03-16 14:12:17,258 - __main__ - INFO - Request Args: {'page': '0', 'per_page': '10', 'search': '', 'sort_field': 'deck_id', 'sort_direction': 'desc'}
2026-03-16 14:12:17,259 - __main__ - INFO - === REQUEST COMPLETE ===
2026-03-16 14:12:17,262 - __main__ - INFO - Response Status: 200
2026-03-16 14:12:17,263 - werkzeug - INFO - 127.0.0.1 - - [16/Mar/2026 14:12:17] "[31m[1mGET /api/all-decks?page=0&per_page=10&search=&sort_field=deck_id&sort_direction=desc HTTP/1.1[0m" 400 -
2026-03-16 14:12:17,264 - __main__ - INFO - Response Duration: 0.001s
2026-03-16 14:12:17,265 - __main__ - INFO - === REQUEST COMPLETE ===
2026-03-16 14:12:17,269 - werkzeug - INFO - 127.0.0.1 - - [16/Mar/2026 14:12:17] "OPTIONS /api/all-decks?page=0&per_page=10&search=&sort_field=deck_id&sort_direction=desc HTTP/1.1" 200 -
2026-03-16 14:12:17,608 - __main__ - INFO - === NEW REQUEST ===
2026-03-16 14:12:17,610 - __main__ - INFO - Request URL: http://localhost:5000/api/all-decks?page=0&per_page=10&search=&sort_field=deck_id&sort_direction=desc
2026-03-16 14:12:17,638 - __main__ - INFO - Request Path: /api/all-decks
2026-03-16 14:12:17,639 - __main__ - INFO - Request Method: GET
2026-03-16 14:12:17,641 - __main__ - INFO - Request Headers: {'Host': 'localhost:5000', 'Connection': 'keep-alive', 'Sec-Ch-Ua-Platform': '"Windows"', 'User-Agent': 'Mozilla/5.0 (Windows NT 10.0; Win64; x64) AppleWebKit/537.36 (KHTML, like Gecko) Chrome/145.0.0.0 Safari/537.36', 'Sec-Ch-Ua': '"Not:A-Brand";v="99", "Brave";v="145", "Chromium";v="145"', 'Content-Type': 'application/json', 'Sec-Ch-Ua-Mobile': '?0', 'Accept': '*/*', 'Sec-Gpc': '1', 'Accept-Language': 'nl-NL,nl;q=0.7', 'Origin': 'http://localhost:3000', 'Sec-Fetch-Site': 'same-site', 'Sec-Fetch-Mode': 'cors', 'Sec-Fetch-Dest': 'empty', 'Referer': 'http://localhost:3000/', 'Accept-Encoding': 'gzip, deflate, br, zstd'}
2026-03-16 14:12:17,642 - __main__ - INFO - Request Args: {'page': '0', 'per_page': '10', 'search': '', 'sort_field': 'deck_id', 'sort_direction': 'desc'}
2026-03-16 14:12:17,651 - __main__ - INFO - === REQUEST COMPLETE ===
2026-03-16 14:12:17,653 - werkzeug - INFO - 127.0.0.1 - - [16/Mar/2026 14:12:17] "[31m[1mGET /api/all-decks?page=0&per_page=10&search=&sort_field=deck_id&sort_direction=desc HTTP/1.1[0m" 400 -
2026-03-16 14:12:17,865 - __main__ - INFO - === NEW REQUEST ===
2026-03-16 14:12:17,867 - __main__ - INFO - Request URL: http://localhost:5000/api/all-decks?page=0&per_page=10&search=&sort_field=deck_id&sort_direction=desc
2026-03-16 14:12:17,868 - __main__ - INFO - Request Path: /api/all-decks
2026-03-16 14:12:17,869 - __main__ - INFO - Request Method: GET
2026-03-16 14:12:17,871 - __main__ - INFO - Request Headers: {'Host': 'localhost:5000', 'Connection': 'keep-alive', 'Sec-Ch-Ua-Platform': '"Windows"', 'User-Agent': 'Mozilla/5.0 (Windows NT 10.0; Win64; x64) AppleWebKit/537.36 (KHTML, like Gecko) Chrome/145.0.0.0 Safari/537.36', 'Sec-Ch-Ua': '"Not:A-Brand";v="99", "Brave";v="145", "Chromium";v="145"', 'Content-Type': 'application/json', 'Sec-Ch-Ua-Mobile': '?0', 'Accept': '*/*', 'Sec-Gpc': '1', 'Accept-Language': 'nl-NL,nl;q=0.7', 'Origin': 'http://localhost:3000', 'Sec-Fetch-Site': 'same-site', 'Sec-Fetch-Mode': 'cors', 'Sec-Fetch-Dest': 'empty', 'Referer': 'http://localhost:3000/', 'Accept-Encoding': 'gzip, deflate, br, zstd'}
2026-03-16 14:12:17,872 - __main__ - INFO - Request Args: {'page': '0', 'per_page': '10', 'search': '', 'sort_field': 'deck_id', 'sort_direction': 'desc'}
2026-03-16 14:12:17,895 - __main__ - INFO - === REQUEST COMPLETE ===
2026-03-16 14:12:17,899 - werkzeug - INFO - 127.0.0.1 - - [16/Mar/2026 14:12:17] "[31m[1mGET /api/all-decks?page=0&per_page=10&search=&sort_field=deck_id&sort_direction=desc HTTP/1.1[0m" 400 -
2026-03-16 14:12:52,082 - __main__ - INFO - === NEW REQUEST ===
2026-03-16 14:12:52,086 - __main__ - INFO - Request URL: http://localhost:5000/api/all-decks?page=0&per_page=10&search=&sort_field=deck_id&sort_direction=desc
2026-03-16 14:12:52,087 - __main__ - INFO - Request Path: /api/all-decks
2026-03-16 14:12:52,087 - __main__ - INFO - Request Method: OPTIONS
2026-03-16 14:12:52,088 - __main__ - INFO - Request Headers: {'Host': 'localhost:5000', 'Connection': 'keep-alive', 'Accept': '*/*', 'Access-Control-Request-Method': 'GET', 'Access-Control-Request-Headers': 'content-type', 'Origin': 'http://localhost:3000', 'User-Agent': 'Mozilla/5.0 (Windows NT 10.0; Win64; x64) AppleWebKit/537.36 (KHTML, like Gecko) Chrome/145.0.0.0 Safari/537.36', 'Sec-Fetch-Mode': 'cors', 'Sec-Fetch-Site': 'same-site', 'Sec-Fetch-Dest': 'empty', 'Referer': 'http://localhost:3000/', 'Accept-Encoding': 'gzip, deflate, br, zstd', 'Accept-Language': 'nl-NL,nl;q=0.9,en-US;q=0.8,en;q=0.7'}
2026-03-16 14:12:52,089 - __main__ - INFO - Request Args: {'page': '0', 'per_page': '10', 'search': '', 'sort_field': 'deck_id', 'sort_direction': 'desc'}
2026-03-16 14:12:52,090 - __main__ - INFO - Response Status: 200
2026-03-16 14:12:52,090 - __main__ - INFO - Response Duration: 0.000s
2026-03-16 14:12:52,091 - __main__ - INFO - === REQUEST COMPLETE ===
2026-03-16 14:12:52,094 - werkzeug - INFO - 127.0.0.1 - - [16/Mar/2026 14:12:52] "OPTIONS /api/all-decks?page=0&per_page=10&search=&sort_field=deck_id&sort_direction=desc HTTP/1.1" 200 -
2026-03-16 14:12:52,444 - __main__ - INFO - === NEW REQUEST ===
2026-03-16 14:12:52,446 - __main__ - INFO - Request URL: http://localhost:5000/api/all-decks?page=0&per_page=10&search=&sort_field=deck_id&sort_direction=desc
2026-03-16 14:12:52,449 - __main__ - INFO - === NEW REQUEST ===
2026-03-16 14:12:52,449 - __main__ - INFO - Request Path: /api/all-decks
2026-03-16 14:12:52,450 - __main__ - INFO - Request URL: http://localhost:5000/api/all-decks?page=0&per_page=10&search=&sort_field=deck_id&sort_direction=desc
2026-03-16 14:12:52,450 - __main__ - INFO - Request Method: OPTIONS
2026-03-16 14:12:52,451 - __main__ - INFO - Request Path: /api/all-decks
2026-03-16 14:12:52,454 - __main__ - INFO - Request Headers: {'Host': 'localhost:5000', 'Connection': 'keep-alive', 'Accept': '*/*', 'Access-Control-Request-Method': 'GET', 'Access-Control-Request-Headers': 'content-type', 'Origin': 'http://localhost:3000', 'User-Agent': 'Mozilla/5.0 (Windows NT 10.0; Win64; x64) AppleWebKit/537.36 (KHTML, like Gecko) Chrome/145.0.0.0 Safari/537.36', 'Sec-Fetch-Mode': 'cors', 'Sec-Fetch-Site': 'same-site', 'Sec-Fetch-Dest': 'empty', 'Referer': 'http://localhost:3000/', 'Accept-Encoding': 'gzip, deflate, br, zstd', 'Accept-Language': 'nl-NL,nl;q=0.9,en-US;q=0.8,en;q=0.7'}
2026-03-16 14:12:52,455 - __main__ - INFO - Request Method: GET
2026-03-16 14:12:52,460 - __main__ - INFO - Request Args: {'page': '0', 'per_page': '10', 'search': '', 'sort_field': 'deck_id', 'sort_direction': 'desc'}
2026-03-16 14:12:52,461 - __main__ - INFO - Request Headers: {'Host': 'localhost:5000', 'Connection': 'keep-alive', 'Sec-Ch-Ua-Platform': '"Windows"', 'User-Agent': 'Mozilla/5.0 (Windows NT 10.0; Win64; x64) AppleWebKit/537.36 (KHTML, like Gecko) Chrome/145.0.0.0 Safari/537.36', 'Sec-Ch-Ua': '"Not:A-Brand";v="99", "Brave";v="145", "Chromium";v="145"', 'Content-Type': 'application/json', 'Sec-Ch-Ua-Mobile': '?0', 'Accept': '*/*', 'Sec-Gpc': '1', 'Accept-Language': 'nl-NL,nl;q=0.7', 'Origin': 'http://localhost:3000', 'Sec-Fetch-Site': 'same-site', 'Sec-Fetch-Mode': 'cors', 'Sec-Fetch-Dest': 'empty', 'Referer': 'http://localhost:3000/', 'Accept-Encoding': 'gzip, deflate, br, zstd'}
2026-03-16 14:12:52,463 - __main__ - INFO - Response Status: 200
2026-03-16 14:12:52,464 - __main__ - INFO - Request Args: {'page': '0', 'per_page': '10', 'search': '', 'sort_field': 'deck_id', 'sort_direction': 'desc'}
2026-03-16 14:12:52,465 - __main__ - INFO - Response Duration: 0.001s
2026-03-16 14:12:52,466 - __main__ - INFO - === REQUEST COMPLETE ===
2026-03-16 14:12:52,467 - __main__ - INFO - === REQUEST COMPLETE ===
2026-03-16 14:12:52,469 - werkzeug - INFO - 127.0.0.1 - - [16/Mar/2026 14:12:52] "[31m[1mGET /api/all-decks?page=0&per_page=10&search=&sort_field=deck_id&sort_direction=desc HTTP/1.1[0m" 400 -
2026-03-16 14:12:52,472 - werkzeug - INFO - 127.0.0.1 - - [16/Mar/2026 14:12:52] "OPTIONS /api/all-decks?page=0&per_page=10&search=&sort_field=deck_id&sort_direction=desc HTTP/1.1" 200 -
2026-03-16 14:12:52,812 - __main__ - INFO - === NEW REQUEST ===
2026-03-16 14:12:52,815 - __main__ - INFO - Request URL: http://localhost:5000/api/all-decks?page=0&per_page=10&search=&sort_field=deck_id&sort_direction=desc
2026-03-16 14:12:52,816 - __main__ - INFO - Request Path: /api/all-decks
2026-03-16 14:12:52,817 - __main__ - INFO - Request Method: GET
2026-03-16 14:12:52,822 - __main__ - INFO - Request Headers: {'Host': 'localhost:5000', 'Connection': 'keep-alive', 'Sec-Ch-Ua-Platform': '"Windows"', 'User-Agent': 'Mozilla/5.0 (Windows NT 10.0; Win64; x64) AppleWebKit/537.36 (KHTML, like Gecko) Chrome/145.0.0.0 Safari/537.36', 'Sec-Ch-Ua': '"Not:A-Brand";v="99", "Brave";v="145", "Chromium";v="145"', 'Content-Type': 'application/json', 'Sec-Ch-Ua-Mobile': '?0', 'Accept': '*/*', 'Sec-Gpc': '1', 'Accept-Language': 'nl-NL,nl;q=0.7', 'Origin': 'http://localhost:3000', 'Sec-Fetch-Site': 'same-site', 'Sec-Fetch-Mode': 'cors', 'Sec-Fetch-Dest': 'empty', 'Referer': 'http://localhost:3000/', 'Accept-Encoding': 'gzip, deflate, br, zstd'}
2026-03-16 14:12:52,824 - __main__ - INFO - Request Args: {'page': '0', 'per_page': '10', 'search': '', 'sort_field': 'deck_id', 'sort_direction': 'desc'}
2026-03-16 14:12:52,828 - __main__ - INFO - === REQUEST COMPLETE ===
2026-03-16 14:12:52,830 - werkzeug - INFO - 127.0.0.1 - - [16/Mar/2026 14:12:52] "[31m[1mGET /api/all-decks?page=0&per_page=10&search=&sort_field=deck_id&sort_direction=desc HTTP/1.1[0m" 400 -
2026-03-16 14:12:53,065 - __main__ - INFO - === NEW REQUEST ===
2026-03-16 14:12:53,076 - __main__ - INFO - Request URL: http://localhost:5000/api/all-decks?page=0&per_page=10&search=&sort_field=deck_id&sort_direction=desc
2026-03-16 14:12:53,080 - __main__ - INFO - Request Path: /api/all-decks
2026-03-16 14:12:53,082 - __main__ - INFO - Request Method: GET
2026-03-16 14:12:53,083 - __main__ - INFO - Request Headers: {'Host': 'localhost:5000', 'Connection': 'keep-alive', 'Sec-Ch-Ua-Platform': '"Windows"', 'User-Agent': 'Mozilla/5.0 (Windows NT 10.0; Win64; x64) AppleWebKit/537.36 (KHTML, like Gecko) Chrome/145.0.0.0 Safari/537.36', 'Sec-Ch-Ua': '"Not:A-Brand";v="99", "Brave";v="145", "Chromium";v="145"', 'Content-Type': 'application/json', 'Sec-Ch-Ua-Mobile': '?0', 'Accept': '*/*', 'Sec-Gpc': '1', 'Accept-Language': 'nl-NL,nl;q=0.7', 'Origin': 'http://localhost:3000', 'Sec-Fetch-Site': 'same-site', 'Sec-Fetch-Mode': 'cors', 'Sec-Fetch-Dest': 'empty', 'Referer': 'http://localhost:3000/', 'Accept-Encoding': 'gzip, deflate, br, zstd'}
2026-03-16 14:12:53,085 - __main__ - INFO - Request Args: {'page': '0', 'per_page': '10', 'search': '', 'sort_field': 'deck_id', 'sort_direction': 'desc'}
2026-03-16 14:12:53,099 - __main__ - INFO - === REQUEST COMPLETE ===
2026-03-16 14:12:53,105 - werkzeug - INFO - 127.0.0.1 - - [16/Mar/2026 14:12:53] "[31m[1mGET /api/all-decks?page=0&per_page=10&search=&sort_field=deck_id&sort_direction=desc HTTP/1.1[0m" 400 -
2026-03-16 14:12:58,902 - __main__ - INFO - === NEW REQUEST ===
2026-03-16 14:12:58,932 - __main__ - INFO - Request URL: http://localhost:5000/api/all-decks?page=0&per_page=10&search=&sort_field=deck_id&sort_direction=desc
2026-03-16 14:12:58,934 - __main__ - INFO - Request Path: /api/all-decks
2026-03-16 14:12:58,936 - __main__ - INFO - Request Method: OPTIONS
2026-03-16 14:12:58,942 - __main__ - INFO - Request Headers: {'Host': 'localhost:5000', 'Connection': 'keep-alive', 'Accept': '*/*', 'Access-Control-Request-Method': 'GET', 'Access-Control-Request-Headers': 'content-type', 'Origin': 'http://localhost:3000', 'User-Agent': 'Mozilla/5.0 (Windows NT 10.0; Win64; x64) AppleWebKit/537.36 (KHTML, like Gecko) Chrome/145.0.0.0 Safari/537.36', 'Sec-Fetch-Mode': 'cors', 'Sec-Fetch-Site': 'same-site', 'Sec-Fetch-Dest': 'empty', 'Referer': 'http://localhost:3000/', 'Accept-Encoding': 'gzip, deflate, br, zstd', 'Accept-Language': 'nl-NL,nl;q=0.9,en-US;q=0.8,en;q=0.7'}
2026-03-16 14:12:58,947 - __main__ - INFO - Request Args: {'page': '0', 'per_page': '10', 'search': '', 'sort_field': 'deck_id', 'sort_direction': 'desc'}
2026-03-16 14:12:58,951 - __main__ - INFO - Response Status: 200
2026-03-16 14:12:58,952 - __main__ - INFO - Response Duration: 0.001s
2026-03-16 14:12:58,954 - __main__ - INFO - === REQUEST COMPLETE ===
2026-03-16 14:12:58,964 - werkzeug - INFO - 127.0.0.1 - - [16/Mar/2026 14:12:58] "OPTIONS /api/all-decks?page=0&per_page=10&search=&sort_field=deck_id&sort_direction=desc HTTP/1.1" 200 -
2026-03-16 14:12:59,301 - __main__ - INFO - === NEW REQUEST ===
2026-03-16 14:12:59,302 - __main__ - INFO - Request URL: http://localhost:5000/api/all-decks?page=0&per_page=10&search=&sort_field=deck_id&sort_direction=desc
2026-03-16 14:12:59,304 - __main__ - INFO - Request Path: /api/all-decks
2026-03-16 14:12:59,310 - __main__ - INFO - Request Method: GET
2026-03-16 14:12:59,313 - __main__ - INFO - Request Headers: {'Host': 'localhost:5000', 'Connection': 'keep-alive', 'Sec-Ch-Ua-Platform': '"Windows"', 'User-Agent': 'Mozilla/5.0 (Windows NT 10.0; Win64; x64) AppleWebKit/537.36 (KHTML, like Gecko) Chrome/145.0.0.0 Safari/537.36', 'Sec-Ch-Ua': '"Not:A-Brand";v="99", "Brave";v="145", "Chromium";v="145"', 'Content-Type': 'application/json', 'Sec-Ch-Ua-Mobile': '?0', 'Accept': '*/*', 'Sec-Gpc': '1', 'Accept-Language': 'nl-NL,nl;q=0.7', 'Origin': 'http://localhost:3000', 'Sec-Fetch-Site': 'same-site', 'Sec-Fetch-Mode': 'cors', 'Sec-Fetch-Dest': 'empty', 'Referer': 'http://localhost:3000/', 'Accept-Encoding': 'gzip, deflate, br, zstd'}
2026-03-16 14:12:59,316 - __main__ - INFO - Request Args: {'page': '0', 'per_page': '10', 'search': '', 'sort_field': 'deck_id', 'sort_direction': 'desc'}
2026-03-16 14:12:59,318 - __main__ - INFO - === REQUEST COMPLETE ===
2026-03-16 14:12:59,321 - werkzeug - INFO - 127.0.0.1 - - [16/Mar/2026 14:12:59] "[31m[1mGET /api/all-decks?page=0&per_page=10&search=&sort_field=deck_id&sort_direction=desc HTTP/1.1[0m" 400 -
2026-03-16 14:13:29,946 - __main__ - INFO - === NEW REQUEST ===
2026-03-16 14:13:29,950 - __main__ - INFO - Request URL: http://localhost:5000/api/all-decks?page=1&per_page=10&search=&sort_field=deck_id&sort_direction=desc
2026-03-16 14:13:29,953 - __main__ - INFO - Request Path: /api/all-decks
2026-03-16 14:13:29,955 - __main__ - INFO - Request Method: OPTIONS
2026-03-16 14:13:29,957 - __main__ - INFO - Request Headers: {'Host': 'localhost:5000', 'Connection': 'keep-alive', 'Accept': '*/*', 'Access-Control-Request-Method': 'GET', 'Access-Control-Request-Headers': 'content-type', 'Origin': 'http://localhost:3000', 'User-Agent': 'Mozilla/5.0 (Windows NT 10.0; Win64; x64) AppleWebKit/537.36 (KHTML, like Gecko) Chrome/145.0.0.0 Safari/537.36', 'Sec-Fetch-Mode': 'cors', 'Sec-Fetch-Site': 'same-site', 'Sec-Fetch-Dest': 'empty', 'Referer': 'http://localhost:3000/', 'Accept-Encoding': 'gzip, deflate, br, zstd', 'Accept-Language': 'nl-NL,nl;q=0.9,en-US;q=0.8,en;q=0.7'}
2026-03-16 14:13:29,966 - __main__ - INFO - Request Args: {'page': '1', 'per_page': '10', 'search': '', 'sort_field': 'deck_id', 'sort_direction': 'desc'}
2026-03-16 14:13:29,969 - __main__ - INFO - Response Status: 200
2026-03-16 14:13:29,970 - __main__ - INFO - Response Duration: 0.002s
2026-03-16 14:13:29,971 - __main__ - INFO - === REQUEST COMPLETE ===
2026-03-16 14:13:29,982 - werkzeug - INFO - 127.0.0.1 - - [16/Mar/2026 14:13:29] "OPTIONS /api/all-decks?page=1&per_page=10&search=&sort_field=deck_id&sort_direction=desc HTTP/1.1" 200 -
2026-03-16 14:13:30,316 - __main__ - INFO - === NEW REQUEST ===
2026-03-16 14:13:30,317 - __main__ - INFO - Request URL: http://localhost:5000/api/all-decks?page=1&per_page=10&search=&sort_field=deck_id&sort_direction=desc
2026-03-16 14:13:30,318 - __main__ - INFO - Request Path: /api/all-decks
2026-03-16 14:13:30,318 - __main__ - INFO - Request Method: GET
2026-03-16 14:13:30,319 - __main__ - INFO - Request Headers: {'Host': 'localhost:5000', 'Connection': 'keep-alive', 'Sec-Ch-Ua-Platform': '"Windows"', 'User-Agent': 'Mozilla/5.0 (Windows NT 10.0; Win64; x64) AppleWebKit/537.36 (KHTML, like Gecko) Chrome/145.0.0.0 Safari/537.36', 'Sec-Ch-Ua': '"Not:A-Brand";v="99", "Brave";v="145", "Chromium";v="145"', 'Content-Type': 'application/json', 'Sec-Ch-Ua-Mobile': '?0', 'Accept': '*/*', 'Sec-Gpc': '1', 'Accept-Language': 'nl-NL,nl;q=0.7', 'Origin': 'http://localhost:3000', 'Sec-Fetch-Site': 'same-site', 'Sec-Fetch-Mode': 'cors', 'Sec-Fetch-Dest': 'empty', 'Referer': 'http://localhost:3000/', 'Accept-Encoding': 'gzip, deflate, br, zstd'}
2026-03-16 14:13:30,336 - __main__ - INFO - Request Args: {'page': '1', 'per_page': '10', 'search': '', 'sort_field': 'deck_id', 'sort_direction': 'desc'}
2026-03-16 14:13:30,367 - __main__ - INFO - === REQUEST COMPLETE ===
2026-03-16 14:13:30,371 - werkzeug - INFO - 127.0.0.1 - - [16/Mar/2026 14:13:30] "[31m[1mGET /api/all-decks?page=1&per_page=10&search=&sort_field=deck_id&sort_direction=desc HTTP/1.1[0m" 400 -
2026-03-16 14:18:05,764 - __main__ - INFO - === NEW REQUEST ===
2026-03-16 14:18:05,766 - __main__ - INFO - Request URL: http://localhost:5000/rules/ask
2026-03-16 14:18:05,766 - __main__ - INFO - Request Path: /rules/ask
2026-03-16 14:18:05,767 - __main__ - INFO - Request Method: OPTIONS
2026-03-16 14:18:05,769 - __main__ - INFO - Request Headers: {'Host': 'localhost:5000', 'Connection': 'keep-alive', 'Accept': '*/*', 'Access-Control-Request-Method': 'POST', 'Access-Control-Request-Headers': 'content-type', 'Origin': 'http://localhost:3000', 'User-Agent': 'Mozilla/5.0 (Windows NT 10.0; Win64; x64) AppleWebKit/537.36 (KHTML, like Gecko) Chrome/145.0.0.0 Safari/537.36', 'Sec-Fetch-Mode': 'cors', 'Sec-Fetch-Site': 'same-site', 'Sec-Fetch-Dest': 'empty', 'Referer': 'http://localhost:3000/', 'Accept-Encoding': 'gzip, deflate, br, zstd', 'Accept-Language': 'nl-NL,nl;q=0.9,en-US;q=0.8,en;q=0.7'}
2026-03-16 14:18:05,769 - __main__ - INFO - Request Args: {}
2026-03-16 14:18:05,771 - __main__ - INFO - Response Status: 200
2026-03-16 14:18:05,772 - __main__ - INFO - Response Duration: 0.000s
2026-03-16 14:18:05,772 - __main__ - INFO - === REQUEST COMPLETE ===
2026-03-16 14:18:05,776 - werkzeug - INFO - 127.0.0.1 - - [16/Mar/2026 14:18:05] "OPTIONS /rules/ask HTTP/1.1" 200 -
2026-03-16 14:18:06,015 - __main__ - INFO - === NEW REQUEST ===
2026-03-16 14:18:06,017 - __main__ - INFO - Request URL: http://localhost:5000/rules/ask
2026-03-16 14:18:06,018 - __main__ - INFO - Request Path: /rules/ask
2026-03-16 14:18:06,019 - __main__ - INFO - Request Method: POST
2026-03-16 14:18:06,021 - __main__ - INFO - Request Headers: {'Host': 'localhost:5000', 'Connection': 'keep-alive', 'Content-Length': '42', 'Sec-Ch-Ua-Platform': '"Windows"', 'User-Agent': 'Mozilla/5.0 (Windows NT 10.0; Win64; x64) AppleWebKit/537.36 (KHTML, like Gecko) Chrome/145.0.0.0 Safari/537.36', 'Sec-Ch-Ua': '"Not:A-Brand";v="99", "Brave";v="145", "Chromium";v="145"', 'Content-Type': 'application/json', 'Sec-Ch-Ua-Mobile': '?0', 'Accept': '*/*', 'Sec-Gpc': '1', 'Accept-Language': 'nl-NL,nl;q=0.7', 'Origin': 'http://localhost:3000', 'Sec-Fetch-Site': 'same-site', 'Sec-Fetch-Mode': 'cors', 'Sec-Fetch-Dest': 'empty', 'Referer': 'http://localhost:3000/', 'Accept-Encoding': 'gzip, deflate, br, zstd'}
2026-03-16 14:18:06,022 - __main__ - INFO - Request Args: {}
2026-03-16 14:18:06,023 - __main__ - INFO - Request JSON: {'question': 'can i stride before i ride?'}
2026-03-16 14:18:06,026 - __main__ - ERROR - 405 Error - Method not allowed: POST /rules/ask
2026-03-16 14:18:06,028 - __main__ - ERROR - Matching routes for /rules/ask: []
2026-03-16 14:18:06,030 - __main__ - INFO - Response Status: 405
2026-03-16 14:18:06,031 - __main__ - INFO - Response Duration: 0.005s
2026-03-16 14:18:06,031 - __main__ - INFO - === REQUEST COMPLETE ===
2026-03-16 14:18:06,032 - werkzeug - INFO - 127.0.0.1 - - [16/Mar/2026 14:18:06] "[31m[1mPOST /rules/ask HTTP/1.1[0m" 405 -
2026-03-17 21:47:06,450 - faiss.loader - INFO - Loading faiss with AVX2 support.
2026-03-17 21:47:06,986 - faiss.loader - INFO - Successfully loaded faiss with AVX2 support.
2026-03-17 21:49:00,988 - __main__ - INFO - Registering blueprints...
2026-03-17 21:49:00,992 - __main__ - INFO - Auth blueprint registered
2026-03-17 21:49:01,003 - __main__ - INFO - Deck blueprint registered
2026-03-17 21:49:01,007 - __main__ - INFO - Card blueprint registered
2026-03-17 21:49:01,014 - __main__ - INFO - Tournament blueprint registered
2026-03-17 21:49:01,017 - __main__ - INFO - Misc blueprint registered
2026-03-17 21:49:01,021 - __main__ - INFO - Rules blueprint registered
2026-03-17 21:49:01,022 - __main__ - INFO - All blueprints registered successfully
2026-03-17 21:49:01,150 - werkzeug - INFO - [31m[1mWARNING: This is a development server. Do not use it in a production deployment. Use a production WSGI server instead.[0m
 * Running on all addresses (0.0.0.0)
 * Running on http://127.0.0.1:5000
 * Running on http://192.168.0.109:5000
2026-03-17 21:49:01,151 - werkzeug - INFO - [33mPress CTRL+C to quit[0m
2026-03-17 21:49:28,455 - __main__ - INFO - === NEW REQUEST ===
2026-03-17 21:49:28,467 - __main__ - INFO - Request URL: http://localhost:5000/api/all-decks?page=1&per_page=10&search=&sort_field=deck_id&sort_direction=desc
2026-03-17 21:49:28,472 - __main__ - INFO - Request Path: /api/all-decks
2026-03-17 21:49:28,498 - __main__ - INFO - Request Method: OPTIONS
2026-03-17 21:49:28,497 - __main__ - INFO - === NEW REQUEST ===
2026-03-17 21:49:28,516 - __main__ - INFO - Request Headers: {'Host': 'localhost:5000', 'Connection': 'keep-alive', 'Accept': '*/*', 'Access-Control-Request-Method': 'GET', 'Access-Control-Request-Headers': 'content-type', 'Origin': 'http://localhost:3000', 'User-Agent': 'Mozilla/5.0 (Windows NT 10.0; Win64; x64) AppleWebKit/537.36 (KHTML, like Gecko) Chrome/145.0.0.0 Safari/537.36', 'Sec-Fetch-Mode': 'cors', 'Sec-Fetch-Site': 'same-site', 'Sec-Fetch-Dest': 'empty', 'Referer': 'http://localhost:3000/', 'Accept-Encoding': 'gzip, deflate, br, zstd', 'Accept-Language': 'nl-NL,nl;q=0.9,en-US;q=0.8,en;q=0.7'}
2026-03-17 21:49:28,520 - __main__ - INFO - Request URL: http://localhost:5000/api/all-decks?page=1&per_page=10&search=&sort_field=deck_id&sort_direction=desc
2026-03-17 21:49:28,523 - __main__ - INFO - Request Args: {'page': '1', 'per_page': '10', 'search': '', 'sort_field': 'deck_id', 'sort_direction': 'desc'}
2026-03-17 21:49:28,524 - __main__ - INFO - Request Path: /api/all-decks
2026-03-17 21:49:28,531 - __main__ - INFO - Request Method: OPTIONS
2026-03-17 21:49:28,537 - __main__ - INFO - Response Status: 200
2026-03-17 21:49:28,537 - __main__ - INFO - Request Headers: {'Host': 'localhost:5000', 'Connection': 'keep-alive', 'Accept': '*/*', 'Access-Control-Request-Method': 'GET', 'Access-Control-Request-Headers': 'content-type', 'Origin': 'http://localhost:3000', 'User-Agent': 'Mozilla/5.0 (Windows NT 10.0; Win64; x64) AppleWebKit/537.36 (KHTML, like Gecko) Chrome/145.0.0.0 Safari/537.36', 'Sec-Fetch-Mode': 'cors', 'Sec-Fetch-Site': 'same-site', 'Sec-Fetch-Dest': 'empty', 'Referer': 'http://localhost:3000/', 'Accept-Encoding': 'gzip, deflate, br, zstd', 'Accept-Language': 'nl-NL,nl;q=0.9,en-US;q=0.8,en;q=0.7'}
2026-03-17 21:49:28,538 - __main__ - INFO - Response Duration: 0.010s
2026-03-17 21:49:28,539 - __main__ - INFO - Request Args: {'page': '1', 'per_page': '10', 'search': '', 'sort_field': 'deck_id', 'sort_direction': 'desc'}
2026-03-17 21:49:28,539 - __main__ - INFO - === REQUEST COMPLETE ===
2026-03-17 21:49:28,540 - __main__ - INFO - Response Status: 200
2026-03-17 21:49:28,543 - werkzeug - INFO - 127.0.0.1 - - [17/Mar/2026 21:49:28] "OPTIONS /api/all-decks?page=1&per_page=10&search=&sort_field=deck_id&sort_direction=desc HTTP/1.1" 200 -
2026-03-17 21:49:28,544 - __main__ - INFO - Response Duration: 0.000s
2026-03-17 21:49:28,546 - __main__ - INFO - === REQUEST COMPLETE ===
2026-03-17 21:49:28,556 - werkzeug - INFO - 127.0.0.1 - - [17/Mar/2026 21:49:28] "OPTIONS /api/all-decks?page=1&per_page=10&search=&sort_field=deck_id&sort_direction=desc HTTP/1.1" 200 -
2026-03-17 21:49:28,678 - __main__ - INFO - === NEW REQUEST ===
2026-03-17 21:49:28,679 - __main__ - INFO - Request URL: http://localhost:5000/api/all-decks?page=1&per_page=10&search=&sort_field=deck_id&sort_direction=desc
2026-03-17 21:49:28,680 - __main__ - INFO - Request Path: /api/all-decks
2026-03-17 21:49:28,688 - __main__ - INFO - Request Method: GET
2026-03-17 21:49:28,690 - __main__ - INFO - Request Headers: {'Host': 'localhost:5000', 'Connection': 'keep-alive', 'Sec-Ch-Ua-Platform': '"Windows"', 'User-Agent': 'Mozilla/5.0 (Windows NT 10.0; Win64; x64) AppleWebKit/537.36 (KHTML, like Gecko) Chrome/145.0.0.0 Safari/537.36', 'Sec-Ch-Ua': '"Not:A-Brand";v="99", "Brave";v="145", "Chromium";v="145"', 'Content-Type': 'application/json', 'Sec-Ch-Ua-Mobile': '?0', 'Accept': '*/*', 'Sec-Gpc': '1', 'Accept-Language': 'nl-NL,nl;q=0.7', 'Origin': 'http://localhost:3000', 'Sec-Fetch-Site': 'same-site', 'Sec-Fetch-Mode': 'cors', 'Sec-Fetch-Dest': 'empty', 'Referer': 'http://localhost:3000/', 'Accept-Encoding': 'gzip, deflate, br, zstd'}
2026-03-17 21:49:28,692 - __main__ - INFO - Request Args: {'page': '1', 'per_page': '10', 'search': '', 'sort_field': 'deck_id', 'sort_direction': 'desc'}
2026-03-17 21:49:28,696 - __main__ - INFO - === REQUEST COMPLETE ===
2026-03-17 21:49:28,704 - werkzeug - INFO - 127.0.0.1 - - [17/Mar/2026 21:49:28] "[31m[1mGET /api/all-decks?page=1&per_page=10&search=&sort_field=deck_id&sort_direction=desc HTTP/1.1[0m" 400 -
2026-03-17 21:49:28,871 - __main__ - INFO - === NEW REQUEST ===
2026-03-17 21:49:28,873 - __main__ - INFO - Request URL: http://localhost:5000/api/all-decks?page=1&per_page=10&search=&sort_field=deck_id&sort_direction=desc
2026-03-17 21:49:28,874 - __main__ - INFO - Request Path: /api/all-decks
2026-03-17 21:49:28,874 - __main__ - INFO - Request Method: GET
2026-03-17 21:49:28,876 - __main__ - INFO - Request Headers: {'Host': 'localhost:5000', 'Connection': 'keep-alive', 'Sec-Ch-Ua-Platform': '"Windows"', 'User-Agent': 'Mozilla/5.0 (Windows NT 10.0; Win64; x64) AppleWebKit/537.36 (KHTML, like Gecko) Chrome/145.0.0.0 Safari/537.36', 'Sec-Ch-Ua': '"Not:A-Brand";v="99", "Brave";v="145", "Chromium";v="145"', 'Content-Type': 'application/json', 'Sec-Ch-Ua-Mobile': '?0', 'Accept': '*/*', 'Sec-Gpc': '1', 'Accept-Language': 'nl-NL,nl;q=0.7', 'Origin': 'http://localhost:3000', 'Sec-Fetch-Site': 'same-site', 'Sec-Fetch-Mode': 'cors', 'Sec-Fetch-Dest': 'empty', 'Referer': 'http://localhost:3000/', 'Accept-Encoding': 'gzip, deflate, br, zstd'}
2026-03-17 21:49:28,877 - __main__ - INFO - Request Args: {'page': '1', 'per_page': '10', 'search': '', 'sort_field': 'deck_id', 'sort_direction': 'desc'}
2026-03-17 21:49:28,879 - __main__ - INFO - === REQUEST COMPLETE ===
2026-03-17 21:49:28,882 - werkzeug - INFO - 127.0.0.1 - - [17/Mar/2026 21:49:28] "[31m[1mGET /api/all-decks?page=1&per_page=10&search=&sort_field=deck_id&sort_direction=desc HTTP/1.1[0m" 400 -
2026-03-17 21:49:29,037 - __main__ - INFO - === NEW REQUEST ===
2026-03-17 21:49:29,039 - __main__ - INFO - Request URL: http://localhost:5000/api/all-decks?page=1&per_page=10&search=&sort_field=deck_id&sort_direction=desc
2026-03-17 21:49:29,040 - __main__ - INFO - Request Path: /api/all-decks
2026-03-17 21:49:29,040 - __main__ - INFO - Request Method: GET
2026-03-17 21:49:29,041 - __main__ - INFO - Request Headers: {'Host': 'localhost:5000', 'Connection': 'keep-alive', 'Sec-Ch-Ua-Platform': '"Windows"', 'User-Agent': 'Mozilla/5.0 (Windows NT 10.0; Win64; x64) AppleWebKit/537.36 (KHTML, like Gecko) Chrome/145.0.0.0 Safari/537.36', 'Sec-Ch-Ua': '"Not:A-Brand";v="99", "Brave";v="145", "Chromium";v="145"', 'Content-Type': 'application/json', 'Sec-Ch-Ua-Mobile': '?0', 'Accept': '*/*', 'Sec-Gpc': '1', 'Accept-Language': 'nl-NL,nl;q=0.7', 'Origin': 'http://localhost:3000', 'Sec-Fetch-Site': 'same-site', 'Sec-Fetch-Mode': 'cors', 'Sec-Fetch-Dest': 'empty', 'Referer': 'http://localhost:3000/', 'Accept-Encoding': 'gzip, deflate, br, zstd'}
2026-03-17 21:49:29,042 - __main__ - INFO - Request Args: {'page': '1', 'per_page': '10', 'search': '', 'sort_field': 'deck_id', 'sort_direction': 'desc'}
2026-03-17 21:49:29,045 - __main__ - INFO - === REQUEST COMPLETE ===
2026-03-17 21:49:29,051 - werkzeug - INFO - 127.0.0.1 - - [17/Mar/2026 21:49:29] "[31m[1mGET /api/all-decks?page=1&per_page=10&search=&sort_field=deck_id&sort_direction=desc HTTP/1.1[0m" 400 -
2026-03-17 21:49:35,693 - __main__ - INFO - === NEW REQUEST ===
2026-03-17 21:49:35,697 - __main__ - INFO - Request URL: http://localhost:5000/api/all-decks?page=1&per_page=10&search=&sort_field=deck_id&sort_direction=desc
2026-03-17 21:49:35,698 - __main__ - INFO - Request Path: /api/all-decks
2026-03-17 21:49:35,699 - __main__ - INFO - Request Method: OPTIONS
2026-03-17 21:49:35,726 - __main__ - INFO - Request Headers: {'Host': 'localhost:5000', 'Connection': 'keep-alive', 'Accept': '*/*', 'Access-Control-Request-Method': 'GET', 'Access-Control-Request-Headers': 'content-type', 'Origin': 'http://localhost:3000', 'User-Agent': 'Mozilla/5.0 (Windows NT 10.0; Win64; x64) AppleWebKit/537.36 (KHTML, like Gecko) Chrome/145.0.0.0 Safari/537.36', 'Sec-Fetch-Mode': 'cors', 'Sec-Fetch-Site': 'same-site', 'Sec-Fetch-Dest': 'empty', 'Referer': 'http://localhost:3000/', 'Accept-Encoding': 'gzip, deflate, br, zstd', 'Accept-Language': 'nl-NL,nl;q=0.9,en-US;q=0.8,en;q=0.7'}
2026-03-17 21:49:35,735 - __main__ - INFO - Request Args: {'page': '1', 'per_page': '10', 'search': '', 'sort_field': 'deck_id', 'sort_direction': 'desc'}
2026-03-17 21:49:35,744 - __main__ - INFO - Response Status: 200
2026-03-17 21:49:35,745 - __main__ - INFO - Response Duration: 0.001s
2026-03-17 21:49:35,746 - __main__ - INFO - === REQUEST COMPLETE ===
2026-03-17 21:49:35,749 - werkzeug - INFO - 127.0.0.1 - - [17/Mar/2026 21:49:35] "OPTIONS /api/all-decks?page=1&per_page=10&search=&sort_field=deck_id&sort_direction=desc HTTP/1.1" 200 -
2026-03-17 21:49:36,078 - __main__ - INFO - === NEW REQUEST ===
2026-03-17 21:49:36,080 - __main__ - INFO - Request URL: http://localhost:5000/api/all-decks?page=1&per_page=10&search=&sort_field=deck_id&sort_direction=desc
2026-03-17 21:49:36,081 - __main__ - INFO - Request Path: /api/all-decks
2026-03-17 21:49:36,082 - __main__ - INFO - Request Method: GET
2026-03-17 21:49:36,084 - __main__ - INFO - Request Headers: {'Host': 'localhost:5000', 'Connection': 'keep-alive', 'Sec-Ch-Ua-Platform': '"Windows"', 'User-Agent': 'Mozilla/5.0 (Windows NT 10.0; Win64; x64) AppleWebKit/537.36 (KHTML, like Gecko) Chrome/145.0.0.0 Safari/537.36', 'Sec-Ch-Ua': '"Not:A-Brand";v="99", "Brave";v="145", "Chromium";v="145"', 'Content-Type': 'application/json', 'Sec-Ch-Ua-Mobile': '?0', 'Accept': '*/*', 'Sec-Gpc': '1', 'Accept-Language': 'nl-NL,nl;q=0.7', 'Origin': 'http://localhost:3000', 'Sec-Fetch-Site': 'same-site', 'Sec-Fetch-Mode': 'cors', 'Sec-Fetch-Dest': 'empty', 'Referer': 'http://localhost:3000/', 'Accept-Encoding': 'gzip, deflate, br, zstd'}
2026-03-17 21:49:36,086 - __main__ - INFO - Request Args: {'page': '1', 'per_page': '10', 'search': '', 'sort_field': 'deck_id', 'sort_direction': 'desc'}
2026-03-17 21:49:36,092 - __main__ - INFO - === REQUEST COMPLETE ===
2026-03-17 21:49:36,095 - werkzeug - INFO - 127.0.0.1 - - [17/Mar/2026 21:49:36] "[31m[1mGET /api/all-decks?page=1&per_page=10&search=&sort_field=deck_id&sort_direction=desc HTTP/1.1[0m" 400 -
2026-03-17 21:57:54,716 - __main__ - INFO - === NEW REQUEST ===
2026-03-17 21:57:54,732 - __main__ - INFO - Request URL: http://localhost:5000/api/all-decks?page=1&per_page=10&search=&sort_field=deck_id&sort_direction=desc
2026-03-17 21:57:54,733 - __main__ - INFO - Request Path: /api/all-decks
2026-03-17 21:57:54,734 - __main__ - INFO - Request Method: GET
2026-03-17 21:57:54,738 - __main__ - INFO - Request Headers: {'User-Agent': 'Mozilla/5.0 (Windows NT; Windows NT 10.0; nl-NL) WindowsPowerShell/5.1.26100.7705', 'Host': 'localhost:5000', 'Connection': 'Keep-Alive'}
2026-03-17 21:57:54,784 - __main__ - INFO - Request Args: {'page': '1', 'per_page': '10', 'search': '', 'sort_field': 'deck_id', 'sort_direction': 'desc'}
2026-03-17 21:57:54,847 - __main__ - INFO - Response Status: 200
2026-03-17 21:57:54,847 - __main__ - INFO - Response Duration: 0.024s
2026-03-17 21:57:54,847 - __main__ - INFO - === REQUEST COMPLETE ===
2026-03-17 21:57:54,850 - werkzeug - INFO - 127.0.0.1 - - [17/Mar/2026 21:57:54] "GET /api/all-decks?page=1&per_page=10&search=&sort_field=deck_id&sort_direction=desc HTTP/1.1" 200 -
2026-03-17 21:58:44,355 - __main__ - INFO - === NEW REQUEST ===
2026-03-17 21:58:44,356 - __main__ - INFO - Request URL: http://localhost:5000/api/all-decks?page=1&per_page=10&search=&sort_field=deck_id&sort_direction=desc
2026-03-17 21:58:44,357 - __main__ - INFO - Request Path: /api/all-decks
2026-03-17 21:58:44,358 - __main__ - INFO - Request Method: GET
2026-03-17 21:58:44,359 - __main__ - INFO - Request Headers: {'Host': 'localhost:5000', 'User-Agent': 'python-requests/2.32.5', 'Accept-Encoding': 'gzip, deflate', 'Accept': '*/*', 'Connection': 'keep-alive'}
2026-03-17 21:58:44,361 - __main__ - INFO - Request Args: {'page': '1', 'per_page': '10', 'search': '', 'sort_field': 'deck_id', 'sort_direction': 'desc'}
2026-03-17 21:58:44,365 - __main__ - INFO - Response Status: 200
2026-03-17 21:58:44,365 - __main__ - INFO - Response Duration: 0.003s
2026-03-17 21:58:44,366 - __main__ - INFO - === REQUEST COMPLETE ===
2026-03-17 21:58:44,367 - werkzeug - INFO - 127.0.0.1 - - [17/Mar/2026 21:58:44] "GET /api/all-decks?page=1&per_page=10&search=&sort_field=deck_id&sort_direction=desc HTTP/1.1" 200 -
2026-03-17 21:59:16,067 - faiss.loader - INFO - Loading faiss with AVX2 support.
2026-03-17 21:59:16,162 - faiss.loader - INFO - Successfully loaded faiss with AVX2 support.
2026-03-17 21:59:38,273 - __main__ - INFO - Registering blueprints...
2026-03-17 21:59:38,279 - __main__ - INFO - Auth blueprint registered
2026-03-17 21:59:38,293 - __main__ - INFO - Deck blueprint registered
2026-03-17 21:59:38,298 - __main__ - INFO - Card blueprint registered
2026-03-17 21:59:38,306 - __main__ - INFO - Tournament blueprint registered
2026-03-17 21:59:38,309 - __main__ - INFO - Misc blueprint registered
2026-03-17 21:59:38,316 - __main__ - INFO - Rules blueprint registered
2026-03-17 21:59:38,316 - __main__ - INFO - All blueprints registered successfully
2026-03-17 21:59:38,396 - werkzeug - INFO - [31m[1mWARNING: This is a development server. Do not use it in a production deployment. Use a production WSGI server instead.[0m
 * Running on all addresses (0.0.0.0)
 * Running on http://127.0.0.1:5000
 * Running on http://192.168.0.109:5000
2026-03-17 21:59:38,402 - werkzeug - INFO - [33mPress CTRL+C to quit[0m
2026-03-17 22:00:01,152 - __main__ - INFO - === NEW REQUEST ===
2026-03-17 22:00:01,153 - __main__ - INFO - Request URL: http://localhost:5000/api/all-decks?page=1&per_page=10&search=&sort_field=deck_id&sort_direction=desc
2026-03-17 22:00:01,154 - __main__ - INFO - Request Path: /api/all-decks
2026-03-17 22:00:01,155 - __main__ - INFO - Request Method: GET
2026-03-17 22:00:01,157 - __main__ - INFO - Request Headers: {'Host': 'localhost:5000', 'User-Agent': 'python-requests/2.32.5', 'Accept-Encoding': 'gzip, deflate', 'Accept': '*/*', 'Connection': 'keep-alive'}
2026-03-17 22:00:01,159 - __main__ - INFO - Request Args: {'page': '1', 'per_page': '10', 'search': '', 'sort_field': 'deck_id', 'sort_direction': 'desc'}
2026-03-17 22:00:01,174 - __main__ - INFO - Response Status: 200
2026-03-17 22:00:01,175 - __main__ - INFO - Response Duration: 0.010s
2026-03-17 22:00:01,178 - __main__ - INFO - === REQUEST COMPLETE ===
2026-03-17 22:00:01,183 - werkzeug - INFO - 127.0.0.1 - - [17/Mar/2026 22:00:01] "GET /api/all-decks?page=1&per_page=10&search=&sort_field=deck_id&sort_direction=desc HTTP/1.1" 200 -
2026-03-17 22:00:20,536 - __main__ - INFO - === NEW REQUEST ===
2026-03-17 22:00:20,539 - __main__ - INFO - Request URL: http://localhost:5000/api/all-decks?page=1&per_page=10&search=&sort_field=deck_id&sort_direction=desc
2026-03-17 22:00:20,541 - __main__ - INFO - Request Path: /api/all-decks
2026-03-17 22:00:20,550 - __main__ - INFO - Request Method: OPTIONS
2026-03-17 22:00:20,571 - __main__ - INFO - Request Headers: {'Host': 'localhost:5000', 'Connection': 'keep-alive', 'Accept': '*/*', 'Access-Control-Request-Method': 'GET', 'Access-Control-Request-Headers': 'content-type', 'Origin': 'http://localhost:3000', 'User-Agent': 'Mozilla/5.0 (Windows NT 10.0; Win64; x64) AppleWebKit/537.36 (KHTML, like Gecko) Chrome/145.0.0.0 Safari/537.36', 'Sec-Fetch-Mode': 'cors', 'Sec-Fetch-Site': 'same-site', 'Sec-Fetch-Dest': 'empty', 'Referer': 'http://localhost:3000/', 'Accept-Encoding': 'gzip, deflate, br, zstd', 'Accept-Language': 'nl-NL,nl;q=0.9,en-US;q=0.8,en;q=0.7'}
2026-03-17 22:00:20,583 - __main__ - INFO - Request Args: {'page': '1', 'per_page': '10', 'search': '', 'sort_field': 'deck_id', 'sort_direction': 'desc'}
2026-03-17 22:00:20,605 - __main__ - INFO - Response Status: 200
2026-03-17 22:00:20,625 - __main__ - INFO - Response Duration: 0.013s
2026-03-17 22:00:20,651 - __main__ - INFO - === REQUEST COMPLETE ===
2026-03-17 22:00:20,659 - werkzeug - INFO - 127.0.0.1 - - [17/Mar/2026 22:00:20] "OPTIONS /api/all-decks?page=1&per_page=10&search=&sort_field=deck_id&sort_direction=desc HTTP/1.1" 200 -
2026-03-17 22:00:20,805 - __main__ - INFO - === NEW REQUEST ===
2026-03-17 22:00:20,806 - __main__ - INFO - Request URL: http://localhost:5000/api/all-decks?page=1&per_page=10&search=&sort_field=deck_id&sort_direction=desc
2026-03-17 22:00:20,808 - __main__ - INFO - Request Path: /api/all-decks
2026-03-17 22:00:20,808 - __main__ - INFO - Request Method: GET
2026-03-17 22:00:20,824 - __main__ - INFO - Request Headers: {'Host': 'localhost:5000', 'Connection': 'keep-alive', 'Sec-Ch-Ua-Platform': '"Windows"', 'User-Agent': 'Mozilla/5.0 (Windows NT 10.0; Win64; x64) AppleWebKit/537.36 (KHTML, like Gecko) Chrome/145.0.0.0 Safari/537.36', 'Sec-Ch-Ua': '"Not:A-Brand";v="99", "Brave";v="145", "Chromium";v="145"', 'Content-Type': 'application/json', 'Sec-Ch-Ua-Mobile': '?0', 'Accept': '*/*', 'Sec-Gpc': '1', 'Accept-Language': 'nl-NL,nl;q=0.7', 'Origin': 'http://localhost:3000', 'Sec-Fetch-Site': 'same-site', 'Sec-Fetch-Mode': 'cors', 'Sec-Fetch-Dest': 'empty', 'Referer': 'http://localhost:3000/', 'Accept-Encoding': 'gzip, deflate, br, zstd'}
2026-03-17 22:00:20,826 - __main__ - INFO - Request Args: {'page': '1', 'per_page': '10', 'search': '', 'sort_field': 'deck_id', 'sort_direction': 'desc'}
2026-03-17 22:00:20,837 - __main__ - INFO - === REQUEST COMPLETE ===
2026-03-17 22:00:20,849 - werkzeug - INFO - 127.0.0.1 - - [17/Mar/2026 22:00:20] "[31m[1mGET /api/all-decks?page=1&per_page=10&search=&sort_field=deck_id&sort_direction=desc HTTP/1.1[0m" 400 -
2026-03-17 22:00:21,959 - __main__ - INFO - === NEW REQUEST ===
2026-03-17 22:00:21,974 - __main__ - INFO - Request URL: http://localhost:5000/api/all-decks?page=1&per_page=10&search=&sort_field=deck_id&sort_direction=desc
2026-03-17 22:00:22,009 - __main__ - INFO - Request Path: /api/all-decks
2026-03-17 22:00:22,054 - __main__ - INFO - Request Method: GET
2026-03-17 22:00:22,056 - __main__ - INFO - Request Headers: {'Host': 'localhost:5000', 'Connection': 'keep-alive', 'Sec-Ch-Ua-Platform': '"Windows"', 'User-Agent': 'Mozilla/5.0 (Windows NT 10.0; Win64; x64) AppleWebKit/537.36 (KHTML, like Gecko) Chrome/145.0.0.0 Safari/537.36', 'Sec-Ch-Ua': '"Not:A-Brand";v="99", "Brave";v="145", "Chromium";v="145"', 'Content-Type': 'application/json', 'Sec-Ch-Ua-Mobile': '?0', 'Accept': '*/*', 'Sec-Gpc': '1', 'Accept-Language': 'nl-NL,nl;q=0.7', 'Origin': 'http://localhost:3000', 'Sec-Fetch-Site': 'same-site', 'Sec-Fetch-Mode': 'cors', 'Sec-Fetch-Dest': 'empty', 'Referer': 'http://localhost:3000/', 'Accept-Encoding': 'gzip, deflate, br, zstd'}
2026-03-17 22:00:22,057 - __main__ - INFO - Request Args: {'page': '1', 'per_page': '10', 'search': '', 'sort_field': 'deck_id', 'sort_direction': 'desc'}
2026-03-17 22:00:22,059 - __main__ - INFO - === REQUEST COMPLETE ===
2026-03-17 22:00:22,067 - werkzeug - INFO - 127.0.0.1 - - [17/Mar/2026 22:00:22] "[31m[1mGET /api/all-decks?page=1&per_page=10&search=&sort_field=deck_id&sort_direction=desc HTTP/1.1[0m" 400 -
2026-03-17 22:02:23,118 - __main__ - INFO - === NEW REQUEST ===
2026-03-17 22:02:23,119 - __main__ - INFO - Request URL: http://localhost:5000/api/all-decks?page=1&per_page=10&search=&sort_field=deck_id&sort_direction=desc
2026-03-17 22:02:23,121 - __main__ - INFO - Request Path: /api/all-decks
2026-03-17 22:02:23,122 - __main__ - INFO - Request Method: GET
2026-03-17 22:02:23,124 - __main__ - INFO - Request Headers: {'Host': 'localhost:5000', 'User-Agent': 'python-requests/2.32.5', 'Accept-Encoding': 'gzip, deflate', 'Accept': '*/*', 'Connection': 'keep-alive', 'Content-Type': 'application/json'}
2026-03-17 22:02:23,127 - __main__ - INFO - Request Args: {'page': '1', 'per_page': '10', 'search': '', 'sort_field': 'deck_id', 'sort_direction': 'desc'}
2026-03-17 22:02:23,131 - __main__ - INFO - === REQUEST COMPLETE ===
2026-03-17 22:02:23,133 - werkzeug - INFO - 127.0.0.1 - - [17/Mar/2026 22:02:23] "[31m[1mGET /api/all-decks?page=1&per_page=10&search=&sort_field=deck_id&sort_direction=desc HTTP/1.1[0m" 400 -
2026-03-17 22:03:08,637 - __main__ - INFO - === NEW REQUEST ===
2026-03-17 22:03:08,645 - __main__ - INFO - Request URL: http://localhost:5000/api/all-decks?page=1&per_page=10&search=&sort_field=deck_id&sort_direction=desc
2026-03-17 22:03:08,647 - __main__ - INFO - Request Path: /api/all-decks
2026-03-17 22:03:08,650 - __main__ - INFO - Request Method: GET
2026-03-17 22:03:08,655 - __main__ - INFO - Request Headers: {'Host': 'localhost:5000', 'Connection': 'keep-alive', 'Sec-Ch-Ua-Platform': '"Windows"', 'User-Agent': 'Mozilla/5.0 (Windows NT 10.0; Win64; x64) AppleWebKit/537.36 (KHTML, like Gecko) Chrome/145.0.0.0 Safari/537.36', 'Sec-Ch-Ua': '"Not:A-Brand";v="99", "Brave";v="145", "Chromium";v="145"', 'Sec-Ch-Ua-Mobile': '?0', 'Accept': '*/*', 'Sec-Gpc': '1', 'Accept-Language': 'nl-NL,nl;q=0.7', 'Origin': 'http://localhost:3000', 'Sec-Fetch-Site': 'same-site', 'Sec-Fetch-Mode': 'cors', 'Sec-Fetch-Dest': 'empty', 'Referer': 'http://localhost:3000/', 'Accept-Encoding': 'gzip, deflate, br, zstd'}
2026-03-17 22:03:08,668 - __main__ - INFO - Request Args: {'page': '1', 'per_page': '10', 'search': '', 'sort_field': 'deck_id', 'sort_direction': 'desc'}
2026-03-17 22:03:08,699 - __main__ - INFO - Response Status: 200
2026-03-17 22:03:08,701 - __main__ - INFO - Response Duration: 0.028s
2026-03-17 22:03:08,717 - __main__ - INFO - === REQUEST COMPLETE ===
2026-03-17 22:03:08,730 - werkzeug - INFO - 127.0.0.1 - - [17/Mar/2026 22:03:08] "GET /api/all-decks?page=1&per_page=10&search=&sort_field=deck_id&sort_direction=desc HTTP/1.1" 200 -
2026-03-17 22:04:05,061 - __main__ - INFO - === NEW REQUEST ===
2026-03-17 22:04:05,063 - __main__ - INFO - Request URL: http://localhost:5000/rules/ask
2026-03-17 22:04:05,065 - __main__ - INFO - Request Path: /rules/ask
2026-03-17 22:04:05,067 - __main__ - INFO - Request Method: OPTIONS
2026-03-17 22:04:05,070 - __main__ - INFO - Request Headers: {'Host': 'localhost:5000', 'Connection': 'keep-alive', 'Accept': '*/*', 'Access-Control-Request-Method': 'POST', 'Access-Control-Request-Headers': 'content-type', 'Origin': 'http://localhost:3000', 'User-Agent': 'Mozilla/5.0 (Windows NT 10.0; Win64; x64) AppleWebKit/537.36 (KHTML, like Gecko) Chrome/145.0.0.0 Safari/537.36', 'Sec-Fetch-Mode': 'cors', 'Sec-Fetch-Site': 'same-site', 'Sec-Fetch-Dest': 'empty', 'Referer': 'http://localhost:3000/', 'Accept-Encoding': 'gzip, deflate, br, zstd', 'Accept-Language': 'nl-NL,nl;q=0.9,en-US;q=0.8,en;q=0.7'}
2026-03-17 22:04:05,082 - __main__ - INFO - Request Args: {}
2026-03-17 22:04:05,087 - __main__ - INFO - Response Status: 200
2026-03-17 22:04:05,091 - __main__ - INFO - Response Duration: 0.001s
2026-03-17 22:04:05,098 - __main__ - INFO - === REQUEST COMPLETE ===
2026-03-17 22:04:05,113 - werkzeug - INFO - 127.0.0.1 - - [17/Mar/2026 22:04:05] "OPTIONS /rules/ask HTTP/1.1" 200 -
2026-03-17 22:04:05,443 - __main__ - INFO - === NEW REQUEST ===
2026-03-17 22:04:05,445 - __main__ - INFO - Request URL: http://localhost:5000/rules/ask
2026-03-17 22:04:05,447 - __main__ - INFO - Request Path: /rules/ask
2026-03-17 22:04:05,448 - __main__ - INFO - Request Method: POST
2026-03-17 22:04:05,450 - __main__ - INFO - Request Headers: {'Host': 'localhost:5000', 'Connection': 'keep-alive', 'Content-Length': '41', 'Sec-Ch-Ua-Platform': '"Windows"', 'User-Agent': 'Mozilla/5.0 (Windows NT 10.0; Win64; x64) AppleWebKit/537.36 (KHTML, like Gecko) Chrome/145.0.0.0 Safari/537.36', 'Sec-Ch-Ua': '"Not:A-Brand";v="99", "Brave";v="145", "Chromium";v="145"', 'Content-Type': 'application/json', 'Sec-Ch-Ua-Mobile': '?0', 'Accept': '*/*', 'Sec-Gpc': '1', 'Accept-Language': 'nl-NL,nl;q=0.7', 'Origin': 'http://localhost:3000', 'Sec-Fetch-Site': 'same-site', 'Sec-Fetch-Mode': 'cors', 'Sec-Fetch-Dest': 'empty', 'Referer': 'http://localhost:3000/', 'Accept-Encoding': 'gzip, deflate, br, zstd'}
2026-03-17 22:04:05,455 - __main__ - INFO - Request Args: {}
2026-03-17 22:04:05,462 - __main__ - INFO - Request JSON: {'question': 'can i ride before i stride'}
2026-03-17 22:04:05,466 - __main__ - ERROR - 405 Error - Method not allowed: POST /rules/ask
2026-03-17 22:04:05,476 - __main__ - ERROR - Matching routes for /rules/ask: []
2026-03-17 22:04:05,479 - __main__ - INFO - Response Status: 405
2026-03-17 22:04:05,481 - __main__ - INFO - Response Duration: 0.014s
2026-03-17 22:04:05,486 - __main__ - INFO - === REQUEST COMPLETE ===
2026-03-17 22:04:05,509 - werkzeug - INFO - 127.0.0.1 - - [17/Mar/2026 22:04:05] "[31m[1mPOST /rules/ask HTTP/1.1[0m" 405 -
2026-03-17 22:06:50,421 - __main__ - INFO - === NEW REQUEST ===
2026-03-17 22:06:50,422 - __main__ - INFO - Request URL: http://localhost:5000/api/rules/ask
2026-03-17 22:06:50,424 - __main__ - INFO - Request Path: /api/rules/ask
2026-03-17 22:06:50,425 - __main__ - INFO - Request Method: OPTIONS
2026-03-17 22:06:50,426 - __main__ - INFO - Request Headers: {'Host': 'localhost:5000', 'Connection': 'keep-alive', 'Accept': '*/*', 'Access-Control-Request-Method': 'POST', 'Access-Control-Request-Headers': 'content-type', 'Origin': 'http://localhost:3000', 'User-Agent': 'Mozilla/5.0 (Windows NT 10.0; Win64; x64) AppleWebKit/537.36 (KHTML, like Gecko) Chrome/145.0.0.0 Safari/537.36', 'Sec-Fetch-Mode': 'cors', 'Sec-Fetch-Site': 'same-site', 'Sec-Fetch-Dest': 'empty', 'Referer': 'http://localhost:3000/', 'Accept-Encoding': 'gzip, deflate, br, zstd', 'Accept-Language': 'nl-NL,nl;q=0.9,en-US;q=0.8,en;q=0.7'}
2026-03-17 22:06:50,427 - __main__ - INFO - Request Args: {}
2026-03-17 22:06:50,436 - __main__ - INFO - Response Status: 200
2026-03-17 22:06:50,437 - __main__ - INFO - Response Duration: 0.001s
2026-03-17 22:06:50,439 - __main__ - INFO - === REQUEST COMPLETE ===
2026-03-17 22:06:50,459 - werkzeug - INFO - 127.0.0.1 - - [17/Mar/2026 22:06:50] "OPTIONS /api/rules/ask HTTP/1.1" 200 -
2026-03-17 22:06:50,677 - __main__ - INFO - === NEW REQUEST ===
2026-03-17 22:06:50,677 - __main__ - INFO - Request URL: http://localhost:5000/api/rules/ask
2026-03-17 22:06:50,681 - __main__ - INFO - Request Path: /api/rules/ask
2026-03-17 22:06:50,683 - __main__ - INFO - Request Method: POST
2026-03-17 22:06:50,686 - __main__ - INFO - Request Headers: {'Host': 'localhost:5000', 'Connection': 'keep-alive', 'Content-Length': '41', 'Sec-Ch-Ua-Platform': '"Windows"', 'User-Agent': 'Mozilla/5.0 (Windows NT 10.0; Win64; x64) AppleWebKit/537.36 (KHTML, like Gecko) Chrome/145.0.0.0 Safari/537.36', 'Sec-Ch-Ua': '"Not:A-Brand";v="99", "Brave";v="145", "Chromium";v="145"', 'Content-Type': 'application/json', 'Sec-Ch-Ua-Mobile': '?0', 'Accept': '*/*', 'Sec-Gpc': '1', 'Accept-Language': 'nl-NL,nl;q=0.7', 'Origin': 'http://localhost:3000', 'Sec-Fetch-Site': 'same-site', 'Sec-Fetch-Mode': 'cors', 'Sec-Fetch-Dest': 'empty', 'Referer': 'http://localhost:3000/', 'Accept-Encoding': 'gzip, deflate, br, zstd'}
2026-03-17 22:06:50,688 - __main__ - INFO - Request Args: {}
2026-03-17 22:06:50,689 - __main__ - INFO - Request JSON: {'question': 'can i ride before i stride'}
2026-03-17 22:06:50,750 - sentence_transformers.SentenceTransformer - INFO - Use pytorch device_name: cpu
2026-03-17 22:06:50,751 - sentence_transformers.SentenceTransformer - INFO - Load pretrained SentenceTransformer: all-MiniLM-L6-v2
2026-03-17 22:07:01,414 - __main__ - INFO - Response Status: 500
2026-03-17 22:07:01,415 - __main__ - INFO - Response Duration: 10.715s
2026-03-17 22:07:01,416 - __main__ - INFO - === REQUEST COMPLETE ===
2026-03-17 22:07:01,417 - werkzeug - INFO - 127.0.0.1 - - [17/Mar/2026 22:07:01] "[35m[1mPOST /api/rules/ask HTTP/1.1[0m" 500 -
2026-03-17 22:17:17,426 - faiss.loader - INFO - Loading faiss with AVX2 support.
2026-03-17 22:17:17,484 - faiss.loader - INFO - Successfully loaded faiss with AVX2 support.
2026-03-17 22:17:35,536 - __main__ - INFO - Registering blueprints...
2026-03-17 22:17:35,539 - __main__ - INFO - Auth blueprint registered
2026-03-17 22:17:35,549 - __main__ - INFO - Deck blueprint registered
2026-03-17 22:17:35,555 - __main__ - INFO - Card blueprint registered
2026-03-17 22:17:35,560 - __main__ - INFO - Tournament blueprint registered
2026-03-17 22:17:35,563 - __main__ - INFO - Misc blueprint registered
2026-03-17 22:17:35,567 - __main__ - INFO - Rules blueprint registered
2026-03-17 22:17:35,567 - __main__ - INFO - All blueprints registered successfully
2026-03-17 22:17:35,613 - werkzeug - INFO - [31m[1mWARNING: This is a development server. Do not use it in a production deployment. Use a production WSGI server instead.[0m
 * Running on all addresses (0.0.0.0)
 * Running on http://127.0.0.1:5000
 * Running on http://192.168.0.109:5000
2026-03-17 22:17:35,614 - werkzeug - INFO - [33mPress CTRL+C to quit[0m
2026-03-17 22:17:56,108 - __main__ - INFO - === NEW REQUEST ===
2026-03-17 22:17:56,109 - __main__ - INFO - Request URL: http://localhost:5000/api/rules/ask
2026-03-17 22:17:56,110 - __main__ - INFO - Request Path: /api/rules/ask
2026-03-17 22:17:56,111 - __main__ - INFO - Request Method: OPTIONS
2026-03-17 22:17:56,112 - __main__ - INFO - Request Headers: {'Host': 'localhost:5000', 'Connection': 'keep-alive', 'Accept': '*/*', 'Access-Control-Request-Method': 'POST', 'Access-Control-Request-Headers': 'content-type', 'Origin': 'http://localhost:3000', 'User-Agent': 'Mozilla/5.0 (Windows NT 10.0; Win64; x64) AppleWebKit/537.36 (KHTML, like Gecko) Chrome/145.0.0.0 Safari/537.36', 'Sec-Fetch-Mode': 'cors', 'Sec-Fetch-Site': 'same-site', 'Sec-Fetch-Dest': 'empty', 'Referer': 'http://localhost:3000/', 'Accept-Encoding': 'gzip, deflate, br, zstd', 'Accept-Language': 'nl-NL,nl;q=0.9,en-US;q=0.8,en;q=0.7'}
2026-03-17 22:17:56,115 - __main__ - INFO - Request Args: {}
2026-03-17 22:17:56,120 - __main__ - INFO - Response Status: 200
2026-03-17 22:17:56,121 - __main__ - INFO - Response Duration: 0.002s
2026-03-17 22:17:56,122 - __main__ - INFO - === REQUEST COMPLETE ===
2026-03-17 22:17:56,126 - werkzeug - INFO - 127.0.0.1 - - [17/Mar/2026 22:17:56] "OPTIONS /api/rules/ask HTTP/1.1" 200 -
2026-03-17 22:17:56,361 - __main__ - INFO - === NEW REQUEST ===
2026-03-17 22:17:56,362 - __main__ - INFO - Request URL: http://localhost:5000/api/rules/ask
2026-03-17 22:17:56,363 - __main__ - INFO - Request Path: /api/rules/ask
2026-03-17 22:17:56,364 - __main__ - INFO - Request Method: POST
2026-03-17 22:17:56,368 - __main__ - INFO - Request Headers: {'Host': 'localhost:5000', 'Connection': 'keep-alive', 'Content-Length': '41', 'Sec-Ch-Ua-Platform': '"Windows"', 'User-Agent': 'Mozilla/5.0 (Windows NT 10.0; Win64; x64) AppleWebKit/537.36 (KHTML, like Gecko) Chrome/145.0.0.0 Safari/537.36', 'Sec-Ch-Ua': '"Not:A-Brand";v="99", "Brave";v="145", "Chromium";v="145"', 'Content-Type': 'application/json', 'Sec-Ch-Ua-Mobile': '?0', 'Accept': '*/*', 'Sec-Gpc': '1', 'Accept-Language': 'nl-NL,nl;q=0.7', 'Origin': 'http://localhost:3000', 'Sec-Fetch-Site': 'same-site', 'Sec-Fetch-Mode': 'cors', 'Sec-Fetch-Dest': 'empty', 'Referer': 'http://localhost:3000/', 'Accept-Encoding': 'gzip, deflate, br, zstd'}
2026-03-17 22:17:56,370 - __main__ - INFO - Request Args: {}
2026-03-17 22:17:56,371 - __main__ - INFO - Request JSON: {'question': 'can i ride before i stride'}
2026-03-17 22:17:56,403 - sentence_transformers.SentenceTransformer - INFO - Use pytorch device_name: cpu
2026-03-17 22:17:56,404 - sentence_transformers.SentenceTransformer - INFO - Load pretrained SentenceTransformer: all-MiniLM-L6-v2
2026-03-17 22:18:04,096 - __main__ - INFO - Response Status: 500
2026-03-17 22:18:04,097 - __main__ - INFO - Response Duration: 7.724s
2026-03-17 22:18:04,098 - __main__ - INFO - === REQUEST COMPLETE ===
2026-03-17 22:18:04,100 - werkzeug - INFO - 127.0.0.1 - - [17/Mar/2026 22:18:04] "[35m[1mPOST /api/rules/ask HTTP/1.1[0m" 500 -
2026-03-17 22:21:33,459 - faiss.loader - INFO - Loading faiss with AVX2 support.
2026-03-17 22:21:33,525 - faiss.loader - INFO - Successfully loaded faiss with AVX2 support.
2026-03-17 22:21:45,639 - __main__ - INFO - Registering blueprints...
2026-03-17 22:21:45,641 - __main__ - INFO - Auth blueprint registered
2026-03-17 22:21:45,648 - __main__ - INFO - Deck blueprint registered
2026-03-17 22:21:45,652 - __main__ - INFO - Card blueprint registered
2026-03-17 22:21:45,660 - __main__ - INFO - Tournament blueprint registered
2026-03-17 22:21:45,663 - __main__ - INFO - Misc blueprint registered
2026-03-17 22:21:45,667 - __main__ - INFO - Rules blueprint registered
2026-03-17 22:21:45,668 - __main__ - INFO - All blueprints registered successfully
2026-03-17 22:21:45,716 - werkzeug - INFO - [31m[1mWARNING: This is a development server. Do not use it in a production deployment. Use a production WSGI server instead.[0m
 * Running on all addresses (0.0.0.0)
 * Running on http://127.0.0.1:5000
 * Running on http://192.168.0.109:5000
2026-03-17 22:21:45,717 - werkzeug - INFO - [33mPress CTRL+C to quit[0m
2026-03-17 22:23:25,224 - __main__ - INFO - === NEW REQUEST ===
2026-03-17 22:23:25,226 - __main__ - INFO - Request URL: http://localhost:5000/api/rules/ask
2026-03-17 22:23:25,227 - __main__ - INFO - Request Path: /api/rules/ask
2026-03-17 22:23:25,229 - __main__ - INFO - Request Method: POST
2026-03-17 22:23:25,230 - __main__ - INFO - Request Headers: {'Host': 'localhost:5000', 'User-Agent': 'python-requests/2.32.5', 'Accept-Encoding': 'gzip, deflate', 'Accept': '*/*', 'Connection': 'keep-alive', 'Content-Type': 'application/json', 'Content-Length': '29'}
2026-03-17 22:23:25,234 - __main__ - INFO - Request Args: {}
2026-03-17 22:23:25,236 - __main__ - INFO - Request JSON: {'question': 'test question'}
2026-03-17 22:23:25,278 - sentence_transformers.SentenceTransformer - INFO - Use pytorch device_name: cpu
2026-03-17 22:23:25,279 - sentence_transformers.SentenceTransformer - INFO - Load pretrained SentenceTransformer: all-MiniLM-L6-v2
2026-03-17 22:23:31,140 - __main__ - INFO - Response Status: 500
2026-03-17 22:23:31,142 - __main__ - INFO - Response Duration: 5.899s
2026-03-17 22:23:31,143 - __main__ - INFO - === REQUEST COMPLETE ===
2026-03-17 22:23:31,147 - werkzeug - INFO - 127.0.0.1 - - [17/Mar/2026 22:23:31] "[35m[1mPOST /api/rules/ask HTTP/1.1[0m" 500 -
2026-03-17 22:24:30,520 - faiss.loader - INFO - Loading faiss with AVX2 support.
2026-03-17 22:24:30,584 - faiss.loader - INFO - Successfully loaded faiss with AVX2 support.
2026-03-17 22:24:42,442 - __main__ - INFO - Registering blueprints...
2026-03-17 22:24:42,443 - __main__ - INFO - Auth blueprint registered
2026-03-17 22:24:42,448 - __main__ - INFO - Deck blueprint registered
2026-03-17 22:24:42,452 - __main__ - INFO - Card blueprint registered
2026-03-17 22:24:42,456 - __main__ - INFO - Tournament blueprint registered
2026-03-17 22:24:42,458 - __main__ - INFO - Misc blueprint registered
2026-03-17 22:24:42,460 - __main__ - INFO - Rules blueprint registered
2026-03-17 22:24:42,461 - __main__ - INFO - All blueprints registered successfully
2026-03-17 22:24:42,509 - werkzeug - INFO - [31m[1mWARNING: This is a development server. Do not use it in a production deployment. Use a production WSGI server instead.[0m
 * Running on all addresses (0.0.0.0)
 * Running on http://127.0.0.1:5000
 * Running on http://192.168.0.109:5000
2026-03-17 22:24:42,511 - werkzeug - INFO - [33mPress CTRL+C to quit[0m
2026-03-17 22:25:18,556 - __main__ - INFO - === NEW REQUEST ===
2026-03-17 22:25:18,557 - __main__ - INFO - Request URL: http://localhost:5000/api/rules/ask
2026-03-17 22:25:18,558 - __main__ - INFO - Request Path: /api/rules/ask
2026-03-17 22:25:18,559 - __main__ - INFO - Request Method: OPTIONS
2026-03-17 22:25:18,559 - __main__ - INFO - Request Headers: {'Host': 'localhost:5000', 'Connection': 'keep-alive', 'Accept': '*/*', 'Access-Control-Request-Method': 'POST', 'Access-Control-Request-Headers': 'content-type', 'Origin': 'http://localhost:3000', 'User-Agent': 'Mozilla/5.0 (Windows NT 10.0; Win64; x64) AppleWebKit/537.36 (KHTML, like Gecko) Chrome/145.0.0.0 Safari/537.36', 'Sec-Fetch-Mode': 'cors', 'Sec-Fetch-Site': 'same-site', 'Sec-Fetch-Dest': 'empty', 'Referer': 'http://localhost:3000/', 'Accept-Encoding': 'gzip, deflate, br, zstd', 'Accept-Language': 'nl-NL,nl;q=0.9,en-US;q=0.8,en;q=0.7'}
2026-03-17 22:25:18,561 - __main__ - INFO - Request Args: {}
2026-03-17 22:25:18,573 - __main__ - INFO - Response Status: 200
2026-03-17 22:25:18,576 - __main__ - INFO - Response Duration: 0.009s
2026-03-17 22:25:18,577 - __main__ - INFO - === REQUEST COMPLETE ===
2026-03-17 22:25:18,582 - werkzeug - INFO - 127.0.0.1 - - [17/Mar/2026 22:25:18] "OPTIONS /api/rules/ask HTTP/1.1" 200 -
2026-03-17 22:25:18,815 - __main__ - INFO - === NEW REQUEST ===
2026-03-17 22:25:18,816 - __main__ - INFO - Request URL: http://localhost:5000/api/rules/ask
2026-03-17 22:25:18,827 - __main__ - INFO - Request Path: /api/rules/ask
2026-03-17 22:25:18,829 - __main__ - INFO - Request Method: POST
2026-03-17 22:25:18,831 - __main__ - INFO - Request Headers: {'Host': 'localhost:5000', 'Connection': 'keep-alive', 'Content-Length': '41', 'Sec-Ch-Ua-Platform': '"Windows"', 'User-Agent': 'Mozilla/5.0 (Windows NT 10.0; Win64; x64) AppleWebKit/537.36 (KHTML, like Gecko) Chrome/145.0.0.0 Safari/537.36', 'Sec-Ch-Ua': '"Not:A-Brand";v="99", "Brave";v="145", "Chromium";v="145"', 'Content-Type': 'application/json', 'Sec-Ch-Ua-Mobile': '?0', 'Accept': '*/*', 'Sec-Gpc': '1', 'Accept-Language': 'nl-NL,nl;q=0.7', 'Origin': 'http://localhost:3000', 'Sec-Fetch-Site': 'same-site', 'Sec-Fetch-Mode': 'cors', 'Sec-Fetch-Dest': 'empty', 'Referer': 'http://localhost:3000/', 'Accept-Encoding': 'gzip, deflate, br, zstd'}
2026-03-17 22:25:18,832 - __main__ - INFO - Request Args: {}
2026-03-17 22:25:18,844 - __main__ - INFO - Request JSON: {'question': 'can i ride before i stride'}
2026-03-17 22:25:18,923 - sentence_transformers.SentenceTransformer - INFO - Use pytorch device_name: cpu
2026-03-17 22:25:18,926 - sentence_transformers.SentenceTransformer - INFO - Load pretrained SentenceTransformer: all-MiniLM-L6-v2
2026-03-17 22:25:28,548 - __main__ - INFO - Response Status: 200
2026-03-17 22:25:28,549 - __main__ - INFO - Response Duration: 9.701s
2026-03-17 22:25:28,550 - __main__ - INFO - === REQUEST COMPLETE ===
2026-03-17 22:25:28,553 - werkzeug - INFO - 127.0.0.1 - - [17/Mar/2026 22:25:28] "POST /api/rules/ask HTTP/1.1" 200 -
2026-03-17 22:25:58,479 - __main__ - INFO - === NEW REQUEST ===
2026-03-17 22:25:58,482 - __main__ - INFO - Request URL: http://localhost:5000/api/rules/ask
2026-03-17 22:25:58,486 - __main__ - INFO - Request Path: /api/rules/ask
2026-03-17 22:25:58,488 - __main__ - INFO - Request Method: OPTIONS
2026-03-17 22:25:58,489 - __main__ - INFO - Request Headers: {'Host': 'localhost:5000', 'Connection': 'keep-alive', 'Accept': '*/*', 'Access-Control-Request-Method': 'POST', 'Access-Control-Request-Headers': 'content-type', 'Origin': 'http://localhost:3000', 'User-Agent': 'Mozilla/5.0 (Windows NT 10.0; Win64; x64) AppleWebKit/537.36 (KHTML, like Gecko) Chrome/145.0.0.0 Safari/537.36', 'Sec-Fetch-Mode': 'cors', 'Sec-Fetch-Site': 'same-site', 'Sec-Fetch-Dest': 'empty', 'Referer': 'http://localhost:3000/', 'Accept-Encoding': 'gzip, deflate, br, zstd', 'Accept-Language': 'nl-NL,nl;q=0.9,en-US;q=0.8,en;q=0.7'}
2026-03-17 22:25:58,499 - __main__ - INFO - Request Args: {}
2026-03-17 22:25:58,501 - __main__ - INFO - Response Status: 200
2026-03-17 22:25:58,502 - __main__ - INFO - Response Duration: 0.000s
2026-03-17 22:25:58,503 - __main__ - INFO - === REQUEST COMPLETE ===
2026-03-17 22:25:58,506 - werkzeug - INFO - 127.0.0.1 - - [17/Mar/2026 22:25:58] "OPTIONS /api/rules/ask HTTP/1.1" 200 -
2026-03-17 22:25:58,835 - __main__ - INFO - === NEW REQUEST ===
2026-03-17 22:25:58,837 - __main__ - INFO - Request URL: http://localhost:5000/api/rules/ask
2026-03-17 22:25:58,839 - __main__ - INFO - Request Path: /api/rules/ask
2026-03-17 22:25:58,841 - __main__ - INFO - Request Method: POST
2026-03-17 22:25:58,845 - __main__ - INFO - Request Headers: {'Host': 'localhost:5000', 'Connection': 'keep-alive', 'Content-Length': '75', 'Sec-Ch-Ua-Platform': '"Windows"', 'User-Agent': 'Mozilla/5.0 (Windows NT 10.0; Win64; x64) AppleWebKit/537.36 (KHTML, like Gecko) Chrome/145.0.0.0 Safari/537.36', 'Sec-Ch-Ua': '"Not:A-Brand";v="99", "Brave";v="145", "Chromium";v="145"', 'Content-Type': 'application/json', 'Sec-Ch-Ua-Mobile': '?0', 'Accept': '*/*', 'Sec-Gpc': '1', 'Accept-Language': 'nl-NL,nl;q=0.7', 'Origin': 'http://localhost:3000', 'Sec-Fetch-Site': 'same-site', 'Sec-Fetch-Mode': 'cors', 'Sec-Fetch-Dest': 'empty', 'Referer': 'http://localhost:3000/', 'Accept-Encoding': 'gzip, deflate, br, zstd'}
2026-03-17 22:25:58,850 - __main__ - INFO - Request Args: {}
2026-03-17 22:25:58,854 - __main__ - INFO - Request JSON: {'question': 'during my ride phase, can i stride and then proceed to ride?'}
2026-03-17 22:26:01,666 - __main__ - INFO - Response Status: 200
2026-03-17 22:26:01,668 - __main__ - INFO - Response Duration: 2.796s
2026-03-17 22:26:01,684 - __main__ - INFO - === REQUEST COMPLETE ===
2026-03-17 22:26:01,700 - werkzeug - INFO - 127.0.0.1 - - [17/Mar/2026 22:26:01] "POST /api/rules/ask HTTP/1.1" 200 -
2026-03-17 22:31:15,570 - faiss.loader - INFO - Loading faiss with AVX2 support.
2026-03-17 22:31:15,609 - faiss.loader - INFO - Successfully loaded faiss with AVX2 support.
2026-03-17 22:31:28,253 - __main__ - INFO - Registering blueprints...
2026-03-17 22:31:28,255 - __main__ - INFO - Auth blueprint registered
2026-03-17 22:31:28,261 - __main__ - INFO - Deck blueprint registered
2026-03-17 22:31:28,269 - __main__ - INFO - Card blueprint registered
2026-03-17 22:31:28,273 - __main__ - INFO - Tournament blueprint registered
2026-03-17 22:31:28,275 - __main__ - INFO - Misc blueprint registered
2026-03-17 22:31:28,278 - __main__ - INFO - Rules blueprint registered
2026-03-17 22:31:28,279 - __main__ - INFO - All blueprints registered successfully
2026-03-17 22:31:28,332 - werkzeug - INFO - [31m[1mWARNING: This is a development server. Do not use it in a production deployment. Use a production WSGI server instead.[0m
 * Running on all addresses (0.0.0.0)
 * Running on http://127.0.0.1:5000
 * Running on http://192.168.0.109:5000
2026-03-17 22:31:28,333 - werkzeug - INFO - [33mPress CTRL+C to quit[0m
2026-03-17 22:32:24,873 - __main__ - INFO - === NEW REQUEST ===
2026-03-17 22:32:24,874 - __main__ - INFO - Request URL: http://localhost:5000/api/rules/ask
2026-03-17 22:32:24,874 - __main__ - INFO - Request Path: /api/rules/ask
2026-03-17 22:32:24,875 - __main__ - INFO - Request Method: OPTIONS
2026-03-17 22:32:24,876 - __main__ - INFO - Request Headers: {'Host': 'localhost:5000', 'Connection': 'keep-alive', 'Accept': '*/*', 'Access-Control-Request-Method': 'POST', 'Access-Control-Request-Headers': 'content-type', 'Origin': 'http://localhost:3000', 'User-Agent': 'Mozilla/5.0 (Windows NT 10.0; Win64; x64) AppleWebKit/537.36 (KHTML, like Gecko) Chrome/145.0.0.0 Safari/537.36', 'Sec-Fetch-Mode': 'cors', 'Sec-Fetch-Site': 'same-site', 'Sec-Fetch-Dest': 'empty', 'Referer': 'http://localhost:3000/', 'Accept-Encoding': 'gzip, deflate, br, zstd', 'Accept-Language': 'nl-NL,nl;q=0.9,en-US;q=0.8,en;q=0.7'}
2026-03-17 22:32:24,878 - __main__ - INFO - Request Args: {}
2026-03-17 22:32:24,885 - __main__ - INFO - Response Status: 200
2026-03-17 22:32:24,888 - __main__ - INFO - Response Duration: 0.006s
2026-03-17 22:32:24,892 - __main__ - INFO - === REQUEST COMPLETE ===
2026-03-17 22:32:24,895 - werkzeug - INFO - 127.0.0.1 - - [17/Mar/2026 22:32:24] "OPTIONS /api/rules/ask HTTP/1.1" 200 -
2026-03-17 22:32:25,130 - __main__ - INFO - === NEW REQUEST ===
2026-03-17 22:32:25,131 - __main__ - INFO - Request URL: http://localhost:5000/api/rules/ask
2026-03-17 22:32:25,139 - __main__ - INFO - Request Path: /api/rules/ask
2026-03-17 22:32:25,140 - __main__ - INFO - Request Method: POST
2026-03-17 22:32:25,142 - __main__ - INFO - Request Headers: {'Host': 'localhost:5000', 'Connection': 'keep-alive', 'Content-Length': '82', 'Sec-Ch-Ua-Platform': '"Windows"', 'User-Agent': 'Mozilla/5.0 (Windows NT 10.0; Win64; x64) AppleWebKit/537.36 (KHTML, like Gecko) Chrome/145.0.0.0 Safari/537.36', 'Sec-Ch-Ua': '"Not:A-Brand";v="99", "Brave";v="145", "Chromium";v="145"', 'Content-Type': 'application/json', 'Sec-Ch-Ua-Mobile': '?0', 'Accept': '*/*', 'Sec-Gpc': '1', 'Accept-Language': 'nl-NL,nl;q=0.7', 'Origin': 'http://localhost:3000', 'Sec-Fetch-Site': 'same-site', 'Sec-Fetch-Mode': 'cors', 'Sec-Fetch-Dest': 'empty', 'Referer': 'http://localhost:3000/', 'Accept-Encoding': 'gzip, deflate, br, zstd'}
2026-03-17 22:32:25,143 - __main__ - INFO - Request Args: {}
2026-03-17 22:32:25,144 - __main__ - INFO - Request JSON: {'question': 'during my ride phase, can i stride a gunit before i perform a ride?'}
2026-03-17 22:32:25,179 - sentence_transformers.SentenceTransformer - INFO - Use pytorch device_name: cpu
2026-03-17 22:32:25,180 - sentence_transformers.SentenceTransformer - INFO - Load pretrained SentenceTransformer: all-MiniLM-L6-v2
2026-03-17 22:32:36,813 - __main__ - INFO - Response Status: 200
2026-03-17 22:32:36,816 - __main__ - INFO - Response Duration: 11.669s
2026-03-17 22:32:36,817 - __main__ - INFO - === REQUEST COMPLETE ===
2026-03-17 22:32:36,819 - werkzeug - INFO - 127.0.0.1 - - [17/Mar/2026 22:32:36] "POST /api/rules/ask HTTP/1.1" 200 -
2026-03-17 22:39:03,056 - faiss.loader - INFO - Loading faiss with AVX2 support.
2026-03-17 22:39:03,100 - faiss.loader - INFO - Successfully loaded faiss with AVX2 support.
2026-03-17 22:39:17,515 - __main__ - INFO - Registering blueprints...
2026-03-17 22:39:17,517 - __main__ - INFO - Auth blueprint registered
2026-03-17 22:39:17,522 - __main__ - INFO - Deck blueprint registered
2026-03-17 22:39:17,524 - __main__ - INFO - Card blueprint registered
2026-03-17 22:39:17,527 - __main__ - INFO - Tournament blueprint registered
2026-03-17 22:39:17,528 - __main__ - INFO - Misc blueprint registered
2026-03-17 22:39:17,532 - __main__ - INFO - Rules blueprint registered
2026-03-17 22:39:17,532 - __main__ - INFO - All blueprints registered successfully
2026-03-17 22:39:17,589 - werkzeug - INFO - [31m[1mWARNING: This is a development server. Do not use it in a production deployment. Use a production WSGI server instead.[0m
 * Running on all addresses (0.0.0.0)
 * Running on http://127.0.0.1:5000
 * Running on http://192.168.0.109:5000
2026-03-17 22:39:17,590 - werkzeug - INFO - [33mPress CTRL+C to quit[0m
2026-03-17 22:39:48,467 - __main__ - INFO - === NEW REQUEST ===
2026-03-17 22:39:48,469 - __main__ - INFO - Request URL: http://localhost:5000/api/rules/ask
2026-03-17 22:39:48,470 - __main__ - INFO - Request Path: /api/rules/ask
2026-03-17 22:39:48,471 - __main__ - INFO - Request Method: OPTIONS
2026-03-17 22:39:48,481 - __main__ - INFO - Request Headers: {'Host': 'localhost:5000', 'Connection': 'keep-alive', 'Accept': '*/*', 'Access-Control-Request-Method': 'POST', 'Access-Control-Request-Headers': 'content-type', 'Origin': 'http://localhost:3000', 'User-Agent': 'Mozilla/5.0 (Windows NT 10.0; Win64; x64) AppleWebKit/537.36 (KHTML, like Gecko) Chrome/145.0.0.0 Safari/537.36', 'Sec-Fetch-Mode': 'cors', 'Sec-Fetch-Site': 'same-site', 'Sec-Fetch-Dest': 'empty', 'Referer': 'http://localhost:3000/', 'Accept-Encoding': 'gzip, deflate, br, zstd', 'Accept-Language': 'nl-NL,nl;q=0.9,en-US;q=0.8,en;q=0.7'}
2026-03-17 22:39:48,484 - __main__ - INFO - Request Args: {}
2026-03-17 22:39:48,498 - __main__ - INFO - Response Status: 200
2026-03-17 22:39:48,499 - __main__ - INFO - Response Duration: 0.011s
2026-03-17 22:39:48,500 - __main__ - INFO - === REQUEST COMPLETE ===
2026-03-17 22:39:48,511 - werkzeug - INFO - 127.0.0.1 - - [17/Mar/2026 22:39:48] "OPTIONS /api/rules/ask HTTP/1.1" 200 -
2026-03-17 22:39:48,730 - __main__ - INFO - === NEW REQUEST ===
2026-03-17 22:39:48,732 - __main__ - INFO - Request URL: http://localhost:5000/api/rules/ask
2026-03-17 22:39:48,733 - __main__ - INFO - Request Path: /api/rules/ask
2026-03-17 22:39:48,734 - __main__ - INFO - Request Method: POST
2026-03-17 22:39:48,735 - __main__ - INFO - Request Headers: {'Host': 'localhost:5000', 'Connection': 'keep-alive', 'Content-Length': '82', 'Sec-Ch-Ua-Platform': '"Windows"', 'User-Agent': 'Mozilla/5.0 (Windows NT 10.0; Win64; x64) AppleWebKit/537.36 (KHTML, like Gecko) Chrome/145.0.0.0 Safari/537.36', 'Sec-Ch-Ua': '"Not:A-Brand";v="99", "Brave";v="145", "Chromium";v="145"', 'Content-Type': 'application/json', 'Sec-Ch-Ua-Mobile': '?0', 'Accept': '*/*', 'Sec-Gpc': '1', 'Accept-Language': 'nl-NL,nl;q=0.7', 'Origin': 'http://localhost:3000', 'Sec-Fetch-Site': 'same-site', 'Sec-Fetch-Mode': 'cors', 'Sec-Fetch-Dest': 'empty', 'Referer': 'http://localhost:3000/', 'Accept-Encoding': 'gzip, deflate, br, zstd'}
2026-03-17 22:39:48,736 - __main__ - INFO - Request Args: {}
2026-03-17 22:39:48,737 - __main__ - INFO - Request JSON: {'question': 'during my ride phase, can i stride a gunit before i perform a ride?'}
2026-03-17 22:39:48,771 - sentence_transformers.SentenceTransformer - INFO - Use pytorch device_name: cpu
2026-03-17 22:39:48,777 - sentence_transformers.SentenceTransformer - INFO - Load pretrained SentenceTransformer: all-MiniLM-L6-v2
2026-03-17 22:40:03,963 - __main__ - INFO - Response Status: 200
2026-03-17 22:40:03,964 - __main__ - INFO - Response Duration: 15.216s
2026-03-17 22:40:03,968 - __main__ - INFO - === REQUEST COMPLETE ===
2026-03-17 22:40:03,975 - werkzeug - INFO - 127.0.0.1 - - [17/Mar/2026 22:40:03] "POST /api/rules/ask HTTP/1.1" 200 -
2026-03-17 22:42:56,220 - __main__ - INFO - === NEW REQUEST ===
2026-03-17 22:42:56,225 - __main__ - INFO - Request URL: http://localhost:5000/api/sets?format=
2026-03-17 22:42:56,228 - __main__ - INFO - Request Path: /api/sets
2026-03-17 22:42:56,230 - __main__ - INFO - Request Method: GET
2026-03-17 22:42:56,236 - __main__ - INFO - Request Headers: {'Host': 'localhost:5000', 'Connection': 'keep-alive', 'Sec-Ch-Ua-Platform': '"Windows"', 'User-Agent': 'Mozilla/5.0 (Windows NT 10.0; Win64; x64) AppleWebKit/537.36 (KHTML, like Gecko) Chrome/145.0.0.0 Safari/537.36', 'Sec-Ch-Ua': '"Not:A-Brand";v="99", "Brave";v="145", "Chromium";v="145"', 'Sec-Ch-Ua-Mobile': '?0', 'Accept': '*/*', 'Sec-Gpc': '1', 'Accept-Language': 'nl-NL,nl;q=0.7', 'Origin': 'http://localhost:3000', 'Sec-Fetch-Site': 'same-site', 'Sec-Fetch-Mode': 'cors', 'Sec-Fetch-Dest': 'empty', 'Referer': 'http://localhost:3000/', 'Accept-Encoding': 'gzip, deflate, br, zstd'}
2026-03-17 22:42:56,238 - __main__ - INFO - Request Args: {'format': ''}
2026-03-17 22:42:56,246 - __main__ - INFO - Response Status: 400
2026-03-17 22:42:56,248 - __main__ - INFO - Response Duration: 0.001s
2026-03-17 22:42:56,249 - __main__ - INFO - === REQUEST COMPLETE ===
2026-03-17 22:42:56,252 - werkzeug - INFO - 127.0.0.1 - - [17/Mar/2026 22:42:56] "[31m[1mGET /api/sets?format= HTTP/1.1[0m" 400 -
2026-03-17 22:42:56,477 - __main__ - INFO - === NEW REQUEST ===
2026-03-17 22:42:56,479 - __main__ - INFO - Request URL: http://localhost:5000/api/sets?format=
2026-03-17 22:42:56,480 - __main__ - INFO - Request Path: /api/sets
2026-03-17 22:42:56,481 - __main__ - INFO - Request Method: GET
2026-03-17 22:42:56,483 - __main__ - INFO - Request Headers: {'Host': 'localhost:5000', 'Connection': 'keep-alive', 'Sec-Ch-Ua-Platform': '"Windows"', 'User-Agent': 'Mozilla/5.0 (Windows NT 10.0; Win64; x64) AppleWebKit/537.36 (KHTML, like Gecko) Chrome/145.0.0.0 Safari/537.36', 'Sec-Ch-Ua': '"Not:A-Brand";v="99", "Brave";v="145", "Chromium";v="145"', 'Sec-Ch-Ua-Mobile': '?0', 'Accept': '*/*', 'Sec-Gpc': '1', 'Accept-Language': 'nl-NL,nl;q=0.7', 'Origin': 'http://localhost:3000', 'Sec-Fetch-Site': 'same-site', 'Sec-Fetch-Mode': 'cors', 'Sec-Fetch-Dest': 'empty', 'Referer': 'http://localhost:3000/', 'Accept-Encoding': 'gzip, deflate, br, zstd'}
2026-03-17 22:42:56,491 - __main__ - INFO - Request Args: {'format': ''}
2026-03-17 22:42:56,495 - __main__ - INFO - Response Status: 400
2026-03-17 22:42:56,496 - __main__ - INFO - Response Duration: 0.000s
2026-03-17 22:42:56,499 - __main__ - INFO - === REQUEST COMPLETE ===
2026-03-17 22:42:56,501 - werkzeug - INFO - 127.0.0.1 - - [17/Mar/2026 22:42:56] "[31m[1mGET /api/sets?format= HTTP/1.1[0m" 400 -
